id,bnumber
TU-8383,b2419
TU-8383,b2420
TU-8384,b2494
TU-8384,b2495
TU-8385,b2511
TU-8385,b2512
TU-8387,b3025
TU-8387,b3026
TU-8392,b2891
TU-8392,b2892
TU-8392,b2893
TU-8393,b3055
TU-8393,b3056
TU-8394,b3025
TU-8394,b3026
TU-8398,b3201
TU-8398,b3202
TU-8398,b3203
TU-8398,b3204
TU-8398,b3205
TU-8405,b1878
TU-8405,b1879
TU-8405,b1880
TU-8411,b1938
TU-8411,b1939
TU-8411,b1940
TU-8411,b1941
TU-8411,b1942
TU-8411,b1943
TU-8412,b0652
TU-8412,b0653
TU-8412,b0654
TU-8412,b0655
TU-8412,b4763
TU-8419,b3712
TU-8419,b3713
TU-8422,b0554
TU-8422,b0555
TU-8422,b0556
TU-8427,b1465
TU-8427,b1466
TU-8428,b1643
TU-8428,b1644
TU-8428,b1645
TU-8433,b3322
TU-8433,b3323
TU-8434,b3656
TU-8434,b3657
TU0-1,b1089
TU0-1,b1090
TU0-1,b1091
TU0-1,b1092
TU0-1,b1093
TU0-1002,b1744
TU0-1002,b1745
TU0-1002,b1746
TU0-1002,b1747
TU0-1002,b1748
TU0-1003,b1744
TU0-1003,b1745
TU0-1003,b1746
TU0-1003,b1747
TU0-1003,b1748
TU0-1004,b1744
TU0-1004,b1745
TU0-1004,b1746
TU0-1004,b1747
TU0-1004,b1748
TU0-1022,b2673
TU0-1022,b2674
TU0-1022,b2675
TU0-1022,b2676
TU0-1041,b3913
TU0-1041,b4716
TU0-1061,b3859
TU0-1061,b3860
TU0-1122,b0894
TU0-1122,b0895
TU0-1122,b0896
TU0-1123,b0781
TU0-1123,b0782
TU0-1123,b0783
TU0-1123,b0784
TU0-1123,b0785
TU0-1181,b3851
TU0-1181,b3852
TU0-1181,b3853
TU0-1181,b3854
TU0-1181,b3855
TU0-1182,b3968
TU0-1182,b3969
TU0-1182,b3970
TU0-1182,b3971
TU0-1183,b3756
TU0-1183,b3757
TU0-1183,b3758
TU0-1183,b3759
TU0-1184,b3756
TU0-1184,b3757
TU0-1184,b3758
TU0-1184,b3759
TU0-1186,b4007
TU0-1186,b4008
TU0-1186,b4009
TU0-1186,b4010
TU0-1187,b2588
TU0-1187,b2589
TU0-1187,b2590
TU0-1187,b2591
TU0-1188,b2588
TU0-1188,b2589
TU0-1188,b2590
TU0-1188,b2591
TU0-1189,b0201
TU0-1189,b0202
TU0-1189,b0203
TU0-1189,b0204
TU0-1189,b0205
TU0-1190,b0201
TU0-1190,b0202
TU0-1190,b0203
TU0-1190,b0204
TU0-1190,b0205
TU0-1191,b3272
TU0-1191,b3273
TU0-1191,b3274
TU0-1191,b3275
TU0-1191,b3276
TU0-1191,b3277
TU0-1191,b3278
TU0-1192,b3272
TU0-1192,b3273
TU0-1192,b3274
TU0-1192,b3275
TU0-1192,b3276
TU0-1192,b3277
TU0-1192,b3278
TU0-1193,b3700
TU0-1193,b3701
TU0-1194,b3700
TU0-1194,b3701
TU0-1195,b3700
TU0-1195,b3701
TU0-1196,b3700
TU0-1196,b3701
TU0-1261,b4224
TU0-1261,b4225
TU0-12794,b0018
TU0-12794,b4412
TU0-12796,b0021
TU0-12796,b0022
TU0-12800,b0046
TU0-12800,b0047
TU0-12805,b0066
TU0-12805,b0067
TU0-12805,b0068
TU0-12805,b0069
TU0-12805,b4762
TU0-12806,b0070
TU0-12806,b4577
TU0-12806,b4662
TU0-1281,b0683
TU0-1281,b4637
TU0-12810,b0101
TU0-12810,b0102
TU0-12810,b0103
TU0-12811,b0106
TU0-12811,b0107
TU0-12811,b0108
TU0-12815,b0127
TU0-12815,b0128
TU0-1282,b0683
TU0-1282,b0684
TU0-1282,b4637
TU0-12822,b0157
TU0-12822,b0158
TU0-12822,b0159
TU0-12827,b0166
TU0-12827,b0167
TU0-12827,b0168
TU0-12831,b0173
TU0-12831,b0174
TU0-12831,b0175
TU0-12834,b0189
TU0-12834,b4406
TU0-12835,b0190
TU0-12835,b0191
TU0-12835,b0192
TU0-12837,b0195
TU0-12837,b0196
TU0-12840,b0209
TU0-12840,b0210
TU0-12849,b0225
TU0-12849,b0226
TU0-12853,b0231
TU0-12853,b0232
TU0-12853,b0233
TU0-12853,b0234
TU0-12854,b0232
TU0-12854,b0233
TU0-12854,b0234
TU0-12859,b0245
TU0-12859,b0246
TU0-12859,b0247
TU0-12859,b0248
TU0-12859,b0249
TU0-12859,b0250
TU0-12859,b0251
TU0-12859,b4504
TU0-12860,b0252
TU0-12860,b0253
TU0-12862,b0255
TU0-12862,b0256
TU0-12864,b0260
TU0-12864,b0261
TU0-12865,b0262
TU0-12865,b0264
TU0-12865,b0265
TU0-12866,b0266
TU0-12866,b0267
TU0-12867,b0268
TU0-12867,b0269
TU0-12868,b0270
TU0-12868,b0271
TU0-12870,b0274
TU0-12870,b0275
TU0-12872,b0278
TU0-12872,b0279
TU0-12876,b0283
TU0-12876,b0284
TU0-12876,b0285
TU0-12876,b0286
TU0-12878,b0289
TU0-12878,b0290
TU0-12878,b0291
TU0-12878,b0292
TU0-12881,b0296
TU0-12881,b4506
TU0-12882,b0298
TU0-12882,b0299
TU0-12884,b0301
TU0-12884,b0303
TU0-12885,b0301
TU0-12885,b0303
TU0-12885,b0304
TU0-12887,b0306
TU0-12887,b0307
TU0-12887,b0308
TU0-12892,b0318
TU0-12892,b0319
TU0-12892,b0320
TU0-12892,b0321
TU0-12894,b0323
TU0-12894,b0324
TU0-12902,b0355
TU0-12902,b0356
TU0-12902,b0357
TU0-12904,b0360
TU0-12904,b0361
TU0-12910,b0372
TU0-12910,b0373
TU0-12917,b0397
TU0-12917,b0398
TU0-12918,b0401
TU0-12918,b0402
TU0-12921,b0413
TU0-12921,b0414
TU0-12921,b0415
TU0-12921,b0416
TU0-12921,b0417
TU0-12921,b0418
TU0-12924,b0424
TU0-12924,b0425
TU0-12937,b0448
TU0-12937,b0449
TU0-12943,b0460
TU0-12943,b0461
TU0-12945,b0466
TU0-12945,b0467
TU0-12956,b0488
TU0-12956,b0489
TU0-12957,b0490
TU0-12957,b0491
TU0-12959,b0495
TU0-12959,b0496
TU0-12960,b0497
TU0-12960,b0498
TU0-12962,b0518
TU0-12962,b0519
TU0-12962,b0520
TU0-12962,b0521
TU0-12963,b0524
TU0-12963,b0525
TU0-12965,b0528
TU0-12965,b0529
TU0-12967,b0531
TU0-12967,b0532
TU0-12968,b0533
TU0-12968,b0534
TU0-12971,b0540
TU0-12971,b0541
TU0-12974,b0545
TU0-12974,b0546
TU0-12975,b0547
TU0-12975,b0548
TU0-12975,b0549
TU0-12975,b0550
TU0-12975,b4509
TU0-12999,b0613
TU0-12999,b0614
TU0-12999,b0615
TU0-12999,b0616
TU0-12999,b0617
TU0-12999,b0618
TU0-13000,b0619
TU0-13000,b0620
TU0-13009,b0633
TU0-13009,b0634
TU0-13009,b0635
TU0-13009,b0636
TU0-13009,b0637
TU0-13010,b0638
TU0-13010,b0639
TU0-13010,b0640
TU0-13010,b0641
TU0-13010,b0642
TU0-13011,b0645
TU0-13011,b0646
TU0-13012,b0648
TU0-13012,b0649
TU0-13016,b0657
TU0-13016,b0658
TU0-13017,b0659
TU0-13017,b0660
TU0-13021,b0681
TU0-13021,b0682
TU0-13021,b4808
TU0-13026,b0700
TU0-13026,b0702
TU0-13032,b0716
TU0-13032,b0717
TU0-13032,b0718
TU0-13034,b0746
TU0-13034,b0747
TU0-13037,b0750
TU0-13037,b0751
TU0-13040,b0760
TU0-13040,b0761
TU0-13049,b0788
TU0-13049,b0789
TU0-13049,b0790
TU0-13050,b0792
TU0-13050,b0793
TU0-13050,b0794
TU0-13050,b0795
TU0-13050,b0796
TU0-13059,b0817
TU0-13059,b0818
TU0-13062,b0823
TU0-13062,b0824
TU0-13063,b0828
TU0-13063,b0829
TU0-13063,b0830
TU0-13063,b0831
TU0-13063,b0832
TU0-13064,b0833
TU0-13064,b0834
TU0-13069,b0844
TU0-13069,b0845
TU0-13072,b0858
TU0-13072,b0859
TU0-13073,b0866
TU0-13073,b0867
TU0-13075,b0869
TU0-13075,b0870
TU0-13075,b0871
TU0-13079,b0891
TU0-13079,b0892
TU0-13087,b0913
TU0-13087,b0914
TU0-13087,b0915
TU0-13087,b0916
TU0-13088,b0917
TU0-13088,b0918
TU0-13091,b0926
TU0-13091,b0927
TU0-13095,b0939
TU0-13095,b0940
TU0-13095,b0941
TU0-13095,b0942
TU0-13095,b0943
TU0-13095,b0944
TU0-13099,b0960
TU0-13099,b0961
TU0-13106,b0981
TU0-13106,b0982
TU0-13106,b0983
TU0-13107,b0984
TU0-13107,b0985
TU0-13107,b0986
TU0-13109,b0988
TU0-13109,b4516
TU0-13110,b0991
TU0-13110,b4517
TU0-13114,b1003
TU0-13114,b1004
TU0-13116,b1018
TU0-13116,b1019
TU0-13117,b1026
TU0-13117,b1027
TU0-13120,b1034
TU0-13120,b1035
TU0-13123,b1045
TU0-13123,b1046
TU0-13126,b1056
TU0-13126,b1057
TU0-13127,b1058
TU0-13127,b1059
TU0-13135,b1096
TU0-13135,b1097
TU0-13135,b1098
TU0-13135,b1099
TU0-13135,b1100
TU0-13136,b1103
TU0-13136,b1104
TU0-13136,b1105
TU0-13136,b1106
TU0-13136,b1107
TU0-13136,b1108
TU0-13141,b1116
TU0-13141,b1117
TU0-13141,b1118
TU0-13142,b1119
TU0-13142,b1120
TU0-13143,b1121
TU0-13143,b1122
TU0-13145,b1134
TU0-13145,b1135
TU0-13147,b1137
TU0-13147,b1138
TU0-13148,b1140
TU0-13148,b1141
TU0-13148,b1142
TU0-13151,b1146
TU0-13151,b1147
TU0-13151,b1148
TU0-13151,b1149
TU0-13151,b1150
TU0-13151,b1151
TU0-13151,b1153
TU0-13151,b1154
TU0-13151,b1155
TU0-13152,b1156
TU0-13152,b1157
TU0-13161,b1165
TU0-13161,b1166
TU0-13167,b1171
TU0-13167,b1172
TU0-13190,b1254
TU0-13190,b1255
TU0-13193,b1257
TU0-13193,b1258
TU0-13193,b1259
TU0-13194,b1266
TU0-13194,b1267
TU0-13194,b1268
TU0-13196,b1270
TU0-13196,b1271
TU0-13198,b4522
TU0-13198,b4523
TU0-13200,b1279
TU0-13200,b1280
TU0-13206,b1290
TU0-13206,b1291
TU0-13206,b1292
TU0-13206,b1293
TU0-13206,b1294
TU0-13209,b1296
TU0-13209,b1297
TU0-13209,b4742
TU0-13210,b1298
TU0-13210,b1299
TU0-13210,b1300
TU0-13210,b1301
TU0-13210,b1302
TU0-13211,b1300
TU0-13211,b1301
TU0-13211,b1302
TU0-13212,b1309
TU0-13212,b1310
TU0-13212,b1311
TU0-13212,b1312
TU0-13212,b1313
TU0-13212,b1314
TU0-13212,b1315
TU0-13212,b1316
TU0-13212,b1317
TU0-13212,b1318
TU0-13212,b1319
TU0-13214,b1321
TU0-13214,b1322
TU0-13215,b1326
TU0-13215,b4525
TU0-13222,b1335
TU0-13222,b1336
TU0-13222,b1337
TU0-13222,b1338
TU0-13226,b1345
TU0-13226,b1346
TU0-13226,b1347
TU0-13226,b1348
TU0-13226,b1349
TU0-13226,b1350
TU0-13228,b1352
TU0-13228,b4526
TU0-13229,b1355
TU0-13229,b4527
TU0-13231,b1357
TU0-13231,b1358
TU0-13231,b1359
TU0-13231,b1360
TU0-13231,b1361
TU0-13234,b1365
TU0-13234,b1366
TU0-13236,b1372
TU0-13236,b1373
TU0-13242,b1381
TU0-13242,b1382
TU0-13242,b1383
TU0-13245,b1402
TU0-13245,b1403
TU0-13250,b1408
TU0-13250,b1409
TU0-13250,b1410
TU0-13250,b1411
TU0-13266,b1438
TU0-13266,b4532
TU0-13271,b1447
TU0-13271,b1448
TU0-13283,b1471
TU0-13283,b1472
TU0-13290,b1495
TU0-13290,b1496
TU0-13294,b1503
TU0-13294,b1504
TU0-13294,b1505
TU0-13299,b1511
TU0-13299,b1512
TU0-13303,b1523
TU0-13303,b1524
TU0-13315,b1544
TU0-13315,b4748
TU0-13318,b1549
TU0-13318,b4533
TU0-13321,b1553
TU0-13321,b1554
TU0-13321,b1555
TU0-13321,b1556
TU0-13321,b4689
TU0-13322,b1559
TU0-13322,b1560
TU0-13325,b1563
TU0-13325,b1564
TU0-13327,b1567
TU0-13327,b1568
TU0-13327,b1569
TU0-13329,b1571
TU0-13329,b1572
TU0-13329,b1573
TU0-13331,b1575
TU0-13331,b1576
TU0-13331,b1578
TU0-13331,b1579
TU0-13333,b1580
TU0-13333,b1581
TU0-13335,b1583
TU0-13335,b1584
TU0-13343,b1599
TU0-13343,b1600
TU0-13343,b4777
TU0-13345,b1605
TU0-13345,b1606
TU0-13363,b1669
TU0-13363,b1670
TU0-13363,b1671
TU0-13364,b1672
TU0-13364,b1673
TU0-13364,b1674
TU0-13368,b1685
TU0-13368,b1686
TU0-13368,b1687
TU0-13373,b1691
TU0-13373,b1692
TU0-13373,b1693
TU0-13374,b1694
TU0-13374,b1695
TU0-13388,b1750
TU0-13388,b1751
TU0-13388,b1752
TU0-13388,b1753
TU0-13388,b1754
TU0-13388,b1755
TU0-13388,b1756
TU0-13394,b1771
TU0-13394,b1772
TU0-13394,b1773
TU0-13394,b1774
TU0-13394,b1775
TU0-13394,b1776
TU0-13407,b1796
TU0-13407,b1797
TU0-13411,b1801
TU0-13411,b1802
TU0-13413,b1806
TU0-13413,b1807
TU0-13417,b1812
TU0-13417,b1813
TU0-13422,b1823
TU0-13422,b1824
TU0-13425,b1830
TU0-13425,b1831
TU0-13427,b1833
TU0-13427,b1834
TU0-13432,b1839
TU0-13432,b1840
TU0-13432,b1841
TU0-13434,b1843
TU0-13434,b1844
TU0-13442,b1867
TU0-13442,b1868
TU0-13443,b1869
TU0-13443,b1870
TU0-13443,b1871
TU0-13446,b1893
TU0-13446,b1894
TU0-13453,b1917
TU0-13453,b1918
TU0-13453,b1919
TU0-13455,b1929
TU0-13455,b1930
TU0-13463,b1962
TU0-13463,b1963
TU0-13467,b1968
TU0-13467,b1969
TU0-13468,b1970
TU0-13468,b1971
TU0-13468,b1972
TU0-13469,b1971
TU0-13469,b1972
TU0-13480,b1996
TU0-13480,b1997
TU0-13483,b2001
TU0-13483,b2002
TU0-13483,b2003
TU0-13483,b2004
TU0-13483,b2005
TU0-13483,b2006
TU0-13489,b2012
TU0-13489,b2013
TU0-13493,b2017
TU0-13493,b4539
TU0-13498,b2043
TU0-13498,b2044
TU0-13498,b2045
TU0-13499,b2046
TU0-13499,b2047
TU0-13499,b2048
TU0-13499,b2049
TU0-13499,b2050
TU0-13499,b2051
TU0-13499,b2052
TU0-13499,b2053
TU0-13499,b2054
TU0-13499,b2055
TU0-13499,b2056
TU0-13499,b2057
TU0-13501,b2072
TU0-13501,b2073
TU0-13507,b2088
TU0-13507,b2089
TU0-13509,b2098
TU0-13509,b2099
TU0-13509,b2100
TU0-13512,b2103
TU0-13512,b2104
TU0-13514,b2106
TU0-13514,b2107
TU0-13516,b2108
TU0-13516,b2109
TU0-13516,b2110
TU0-13516,b2111
TU0-13523,b2119
TU0-13523,b2120
TU0-13523,b2121
TU0-13523,b2122
TU0-13526,b2125
TU0-13526,b2126
TU0-13535,b2141
TU0-13535,b2142
TU0-13537,b2144
TU0-13537,b2145
TU0-13538,b2146
TU0-13538,b2147
TU0-13539,b2152
TU0-13539,b2153
TU0-13546,b2165
TU0-13546,b2166
TU0-13549,b2173
TU0-13549,b2174
TU0-13552,b2177
TU0-13552,b2178
TU0-13552,b2179
TU0-13552,b2180
TU0-13558,b2187
TU0-13558,b2188
TU0-13562,b2219
TU0-13562,b2220
TU0-13563,b2225
TU0-13563,b2226
TU0-13563,b2229
TU0-13563,b2230
TU0-13565,b2245
TU0-13565,b2246
TU0-13566,b2247
TU0-13566,b2248
TU0-13569,b2253
TU0-13569,b2254
TU0-13569,b2255
TU0-13569,b2256
TU0-13569,b2257
TU0-13569,b2258
TU0-13569,b4544
TU0-13582,b2293
TU0-13582,b2294
TU0-13589,b2303
TU0-13589,b2304
TU0-13591,b2314
TU0-13591,b2315
TU0-13593,b2325
TU0-13593,b2326
TU0-13593,b2327
TU0-13593,b2328
TU0-13593,b2329
TU0-13593,b2330
TU0-13594,b2332
TU0-13594,b2333
TU0-13594,b2334
TU0-13594,b2335
TU0-13594,b2336
TU0-13601,b2350
TU0-13601,b2351
TU0-13601,b2352
TU0-13603,b2354
TU0-13603,b2356
TU0-13603,b2357
TU0-13603,b2358
TU0-13604,b2359
TU0-13604,b2360
TU0-13605,b2361
TU0-13605,b2362
TU0-13605,b2363
TU0-13613,b2380
TU0-13613,b2381
TU0-13613,b2382
TU0-13614,b2383
TU0-13614,b2384
TU0-13614,b2385
TU0-13614,b2386
TU0-13614,b2387
TU0-13620,b2411
TU0-13620,b4546
TU0-13625,b2428
TU0-13625,b2429
TU0-13625,b2430
TU0-13626,b2433
TU0-13626,b2434
TU0-13627,b2437
TU0-13627,b2438
TU0-13627,b2439
TU0-13627,b2440
TU0-13627,b2441
TU0-13630,b2444
TU0-13630,b2445
TU0-13632,b2448
TU0-13632,b2449
TU0-13634,b2451
TU0-13634,b2452
TU0-13635,b2453
TU0-13635,b2454
TU0-13635,b2455
TU0-13635,b2456
TU0-13636,b2457
TU0-13636,b2458
TU0-13636,b2459
TU0-13636,b2460
TU0-13636,b2461
TU0-13636,b2462
TU0-13642,b2471
TU0-13642,b2472
TU0-13642,b4547
TU0-13644,b2474
TU0-13644,b2475
TU0-13648,b2505
TU0-13648,b2506
TU0-13652,b2519
TU0-13652,b2520
TU0-13654,b4440
TU0-13654,b4812
TU0-13662,b2544
TU0-13662,b2545
TU0-13663,b2546
TU0-13663,b2547
TU0-13663,b2548
TU0-13667,b2559
TU0-13667,b2560
TU0-13671,b2583
TU0-13671,b2584
TU0-13672,b2585
TU0-13672,b4782
TU0-13675,b2593
TU0-13675,b2594
TU0-13677,b2597
TU0-13677,b4805
TU0-13679,b2603
TU0-13679,b2604
TU0-13679,b2605
TU0-13685,b2618
TU0-13685,b2619
TU0-13692,b2627
TU0-13692,b2628
TU0-13694,b2632
TU0-13694,b2633
TU0-13695,b2634
TU0-13695,b2635
TU0-13695,b2636
TU0-13695,b2637
TU0-13699,b2643
TU0-13699,b2644
TU0-13699,b2645
TU0-13699,b2646
TU0-13699,b4548
TU0-13710,b2667
TU0-13710,b2668
TU0-13713,b2682
TU0-13713,b2683
TU0-13715,b2689
TU0-13715,b2690
TU0-13721,b2736
TU0-13721,b2737
TU0-13722,b2738
TU0-13722,b2739
TU0-13725,b2754
TU0-13725,b2755
TU0-13725,b2756
TU0-13725,b2757
TU0-13725,b2758
TU0-13725,b2759
TU0-13725,b2760
TU0-13728,b2766
TU0-13728,b2767
TU0-13728,b2768
TU0-13729,b2769
TU0-13729,b2770
TU0-13733,b2775
TU0-13733,b2776
TU0-13736,b2790
TU0-13736,b2791
TU0-13736,b2792
TU0-13741,b2810
TU0-13741,b2811
TU0-13744,b2819
TU0-13744,b2820
TU0-13744,b2821
TU0-13745,b2822
TU0-13745,b2823
TU0-13745,b2824
TU0-13745,b2825
TU0-13745,b2826
TU0-13746,b2829
TU0-13746,b2830
TU0-13751,b2835
TU0-13751,b2836
TU0-13760,b2847
TU0-13760,b2848
TU0-13767,b2860
TU0-13767,b2861
TU0-13781,b2878
TU0-13781,b2879
TU0-13782,b2880
TU0-13782,b2881
TU0-13783,b2882
TU0-13783,b2883
TU0-13783,b2885
TU0-13784,b2886
TU0-13784,b2887
TU0-13788,b2896
TU0-13788,b2897
TU0-13792,b2906
TU0-13792,b2907
TU0-13792,b2908
TU0-13792,b2909
TU0-13794,b2911
TU0-13794,b2912
TU0-13801,b2928
TU0-13801,b2929
TU0-13801,b2930
TU0-13801,b2931
TU0-13801,b2933
TU0-13801,b2934
TU0-13805,b2946
TU0-13805,b2947
TU0-13806,b2948
TU0-13806,b2949
TU0-13807,b2951
TU0-13807,b2952
TU0-13807,b2953
TU0-13807,b2954
TU0-13807,b2955
TU0-13809,b2959
TU0-13809,b2960
TU0-13811,b2968
TU0-13811,b2969
TU0-13817,b2984
TU0-13817,b2985
TU0-13823,b3011
TU0-13823,b3012
TU0-13832,b3021
TU0-13832,b3022
TU0-13837,b3030
TU0-13837,b3031
TU0-13837,b3032
TU0-13837,b3033
TU0-13837,b3034
TU0-13838,b3035
TU0-13838,b3037
TU0-13838,b3038
TU0-13843,b3044
TU0-13843,b3045
TU0-13843,b3047
TU0-13843,b3048
TU0-13844,b3050
TU0-13844,b3051
TU0-13847,b3053
TU0-13847,b3054
TU0-13852,b3079
TU0-13852,b3080
TU0-13854,b3082
TU0-13854,b3083
TU0-13863,b3097
TU0-13863,b3098
TU0-13863,b3099
TU0-13863,b3100
TU0-13868,b3106
TU0-13868,b3107
TU0-13869,b3109
TU0-13869,b3110
TU0-13871,b3120
TU0-13871,b3121
TU0-13872,b3129
TU0-13872,b3130
TU0-13874,b3143
TU0-13874,b3144
TU0-13874,b3145
TU0-13877,b3156
TU0-13877,b3157
TU0-13878,b3158
TU0-13878,b3159
TU0-13883,b3176
TU0-13883,b3177
TU0-13889,b3191
TU0-13889,b3192
TU0-13889,b3193
TU0-13889,b3194
TU0-13889,b3195
TU0-13890,b2
TU0-13890,b3208
TU0-13892,b3215
TU0-13892,b3216
TU0-13898,b3234
TU0-13898,b3235
TU0-13901,b3240
TU0-13901,b3241
TU0-13901,b3242
TU0-13911,b3292
TU0-13911,b3293
TU0-13913,b3324
TU0-13913,b3325
TU0-13913,b3326
TU0-13913,b3327
TU0-13913,b3328
TU0-13913,b3329
TU0-13913,b3330
TU0-13913,b3331
TU0-13913,b3332
TU0-13913,b3333
TU0-13913,b3334
TU0-13913,b3335
TU0-13914,b3336
TU0-13914,b3337
TU0-13915,b3343
TU0-13915,b3344
TU0-13915,b3345
TU0-13915,b3346
TU0-13918,b3350
TU0-13918,b3351
TU0-13918,b4551
TU0-13919,b3352
TU0-13919,b3353
TU0-13919,b3354
TU0-13924,b3376
TU0-13924,b3377
TU0-13924,b3378
TU0-13924,b3379
TU0-13924,b3380
TU0-13924,b3381
TU0-13925,b3382
TU0-13925,b3383
TU0-13927,b3392
TU0-13927,b3393
TU0-13927,b3394
TU0-13927,b3395
TU0-13929,b3399
TU0-13929,b3400
TU0-13940,b3442
TU0-13940,b3444
TU0-13940,b3445
TU0-13942,b3465
TU0-13942,b3466
TU0-13952,b3485
TU0-13952,b3486
TU0-13952,b3487
TU0-13957,b3497
TU0-13957,b3498
TU0-13964,b3513
TU0-13964,b3514
TU0-13972,b3536
TU0-13972,b3537
TU0-13972,b3538
TU0-13978,b3549
TU0-13978,b3550
TU0-13986,b3586
TU0-13986,b3587
TU0-13989,b3593
TU0-13989,b3594
TU0-13992,b3597
TU0-13992,b3598
TU0-13995,b3608
TU0-13995,b3609
TU0-13998,b3612
TU0-13998,b3613
TU0-13998,b3614
TU0-14014,b3674
TU0-14014,b3675
TU0-14014,b3676
TU0-14015,b3678
TU0-14015,b3679
TU0-14016,b3682
TU0-14016,b3683
TU0-14018,b3691
TU0-14018,b3692
TU0-14018,b3693
TU0-14018,b3695
TU0-14028,b3718
TU0-14028,b3719
TU0-14028,b3720
TU0-14029,b3740
TU0-14029,b3741
TU0-14031,b3745
TU0-14031,b3746
TU0-14033,b3754
TU0-14033,b3755
TU0-14039,b3784
TU0-14039,b3785
TU0-14039,b3786
TU0-14039,b3787
TU0-14039,b3788
TU0-14039,b3789
TU0-14039,b3790
TU0-14039,b3791
TU0-14039,b3792
TU0-14039,b3793
TU0-14039,b3794
TU0-14039,b4404
TU0-14042,b3809
TU0-14042,b3810
TU0-14042,b3811
TU0-14042,b3812
TU0-14042,b4558
TU0-14043,b3817
TU0-14043,b3818
TU0-14049,b3825
TU0-14049,b3826
TU0-14052,b3836
TU0-14052,b3838
TU0-14052,b3839
TU0-14052,b3841
TU0-14056,b3847
TU0-14056,b3848
TU0-14056,b3849
TU0-14056,b3850
TU0-14062,b3872
TU0-14062,b3873
TU0-14065,b3876
TU0-14065,b3877
TU0-14068,b3880
TU0-14068,b3881
TU0-14068,b3882
TU0-14069,b3883
TU0-14069,b3884
TU0-14070,b3885
TU0-14070,b3886
TU0-14070,b3887
TU0-14070,b3888
TU0-14075,b3897
TU0-14075,b3898
TU0-14075,b3899
TU0-14075,b3900
TU0-14091,b3945
TU0-14091,b3946
TU0-14091,b3947
TU0-14092,b3949
TU0-14092,b3950
TU0-14097,b3963
TU0-14097,b3964
TU0-14099,b3972
TU0-14099,b3973
TU0-14103,b3996
TU0-14103,b3997
TU0-14103,b3998
TU0-14112,b4027
TU0-14112,b4028
TU0-14112,b4029
TU0-14117,b4047
TU0-14117,b4048
TU0-14122,b4056
TU0-14122,b4057
TU0-14128,b4080
TU0-14128,b4081
TU0-14128,b4082
TU0-14133,b4109
TU0-14133,b4110
TU0-14137,b4126
TU0-14137,b4127
TU0-14140,b4135
TU0-14140,b4136
TU0-14145,b4410
TU0-14145,b4411
TU0-14148,b4157
TU0-14148,b4158
TU0-14153,b4181
TU0-14153,b4182
TU0-14154,b4183
TU0-14154,b4184
TU0-14154,b4185
TU0-14154,b4186
TU0-14165,b4220
TU0-14165,b4221
TU0-14165,b4222
TU0-14166,b4227
TU0-14166,b4228
TU0-14166,b4230
TU0-14166,b4231
TU0-14176,b4261
TU0-14176,b4262
TU0-14179,b4272
TU0-14179,b4273
TU0-14183,b4279
TU0-14183,b4280
TU0-14192,b4297
TU0-14192,b4298
TU0-14192,b4299
TU0-14193,b4300
TU0-14193,b4301
TU0-14193,b4302
TU0-14193,b4303
TU0-14193,b4304
TU0-14193,b4305
TU0-14193,b4565
TU0-14195,b4307
TU0-14195,b4566
TU0-14199,b4328
TU0-14199,b4329
TU0-14199,b4330
TU0-14202,b4334
TU0-14202,b4335
TU0-14203,b4336
TU0-14203,b4337
TU0-14208,b4352
TU0-14208,b4353
TU0-14216,b4372
TU0-14216,b4373
TU0-14216,b4374
TU0-14219,b4377
TU0-14219,b4378
TU0-1422,b0094
TU0-1422,b0095
TU0-14225,b4389
TU0-14225,b4390
TU0-14253,b0027
TU0-14253,b0028
TU0-14253,b0029
TU0-14255,b1716
TU0-14255,b1717
TU0-14257,b1712
TU0-14257,b1713
TU0-14257,b1714
TU0-14257,b1715
TU0-14257,b1716
TU0-14257,b1717
TU0-14257,b1718
TU0-14257,b1719
TU0-14262,b3742
TU0-14262,b3743
TU0-14263,b3741
TU0-14263,b3742
TU0-14263,b3743
TU0-14269,b2782
TU0-14269,b2783
TU0-14269,b2784
TU0-14276,b0763
TU0-14276,b0764
TU0-14276,b0765
TU0-14278,b1924
TU0-14278,b1925
TU0-14278,b1926
TU0-14286,b3095
TU0-14286,b3096
TU0-14287,b4026
TU0-14287,b4027
TU0-14287,b4028
TU0-14287,b4029
TU0-14290,b3196
TU0-14290,b3197
TU0-14291,b3198
TU0-14291,b3199
TU0-14291,b3200
TU0-14291,b3201
TU0-14292,b3200
TU0-14292,b3201
TU0-14298,b0878
TU0-14298,b0879
TU0-14300,b0135
TU0-14300,b0136
TU0-14300,b0137
TU0-14300,b0138
TU0-14302,b3428
TU0-14302,b3429
TU0-14302,b3430
TU0-14302,b3431
TU0-14302,b3432
TU0-14313,b2746
TU0-14313,b2747
TU0-14315,b2035
TU0-14315,b2036
TU0-14317,b2032
TU0-14317,b2033
TU0-14317,b2034
TU0-14319,b4348
TU0-14319,b4349
TU0-14319,b4350
TU0-14327,b2630
TU0-14327,b2631
TU0-14336,b2515
TU0-14336,b4761
TU0-14339,b0174
TU0-14339,b0175
TU0-14339,b4809
TU0-14359,b2216
TU0-14359,b2217
TU0-14366,b0735
TU0-14366,b4515
TU0-14373,b3324
TU0-14373,b3325
TU0-14373,b3326
TU0-14373,b3327
TU0-14373,b3328
TU0-14373,b3329
TU0-14373,b3330
TU0-14373,b3331
TU0-14373,b3332
TU0-14373,b3333
TU0-14373,b3334
TU0-14373,b3335
TU0-14374,b3324
TU0-14374,b3325
TU0-14374,b3326
TU0-14374,b3327
TU0-14374,b3328
TU0-14374,b3329
TU0-14374,b3330
TU0-14374,b3331
TU0-14374,b3332
TU0-14374,b3333
TU0-14374,b3334
TU0-14374,b3335
TU0-14375,b3322
TU0-14375,b3323
TU0-14376,b3322
TU0-14376,b3323
TU0-14377,b3322
TU0-14377,b3323
TU0-14378,b0339
TU0-14378,b0340
TU0-14381,b1562
TU0-14381,b1563
TU0-14381,b1564
TU0-14386,b3249
TU0-14386,b3250
TU0-14386,b3251
TU0-14387,b3249
TU0-14387,b3250
TU0-14387,b3251
TU0-14394,b0026
TU0-14394,b0027
TU0-14394,b0028
TU0-14394,b0029
TU0-14395,b0026
TU0-14395,b0027
TU0-14395,b0028
TU0-14395,b0029
TU0-14404,b2472
TU0-14404,b4547
TU0-1441,b1944
TU0-1441,b1945
TU0-1441,b1946
TU0-1441,b1947
TU0-1441,b1948
TU0-1441,b1949
TU0-1441,b1950
TU0-14415,b2306
TU0-14415,b2307
TU0-14415,b2308
TU0-14415,b2309
TU0-14429,b1037
TU0-14429,b1038
TU0-14429,b1039
TU0-14429,b1040
TU0-14433,b3515
TU0-14433,b3516
TU0-14439,b0082
TU0-14439,b0083
TU0-14439,b0084
TU0-14439,b0085
TU0-14439,b0086
TU0-14439,b0087
TU0-14439,b0088
TU0-14439,b0089
TU0-14439,b0090
TU0-14439,b0091
TU0-14439,b0092
TU0-14439,b0093
TU0-14439,b0094
TU0-14439,b0095
TU0-14439,b0096
TU0-14439,b4810
TU0-14443,b0083
TU0-14443,b0084
TU0-14443,b0085
TU0-14443,b0086
TU0-14443,b0087
TU0-14443,b0088
TU0-14443,b0089
TU0-14443,b0090
TU0-14443,b0091
TU0-14443,b0092
TU0-14443,b0093
TU0-14443,b0094
TU0-14443,b0095
TU0-14443,b0096
TU0-14443,b4810
TU0-14445,b0083
TU0-14445,b0084
TU0-14445,b0085
TU0-14445,b0086
TU0-14445,b0087
TU0-14445,b0088
TU0-14445,b0089
TU0-14445,b0090
TU0-14445,b0091
TU0-14445,b0092
TU0-14445,b0093
TU0-14445,b0094
TU0-14445,b0095
TU0-14445,b0096
TU0-14445,b4810
TU0-14451,b0872
TU0-14451,b0873
TU0-14452,b2060
TU0-14452,b2061
TU0-14452,b2062
TU0-14454,b3575
TU0-14454,b3576
TU0-14454,b3577
TU0-14454,b3578
TU0-14454,b3579
TU0-14454,b3580
TU0-14454,b3581
TU0-14454,b3582
TU0-14454,b3583
TU0-14455,b0438
TU0-14455,b0439
TU0-14459,b0854
TU0-14459,b0855
TU0-14459,b0856
TU0-14459,b0857
TU0-14465,b0026
TU0-14465,b0027
TU0-14465,b0028
TU0-14465,b0029
TU0-14466,b0415
TU0-14466,b0416
TU0-14466,b0417
TU0-14466,b0418
TU0-14468,b1129
TU0-14468,b1130
TU0-14470,b0630
TU0-14470,b0631
TU0-14471,b0657
TU0-14471,b0658
TU0-14471,b0659
TU0-14471,b0660
TU0-14472,b1279
TU0-14472,b1280
TU0-14472,b1281
TU0-14472,b1282
TU0-14473,b1321
TU0-14473,b1322
TU0-14473,b1323
TU0-14474,b4258
TU0-14474,b4259
TU0-14475,b4397
TU0-14475,b4398
TU0-14475,b4399
TU0-14479,b3400
TU0-14479,b3401
TU0-14486,b3851
TU0-14486,b3852
TU0-14486,b3853
TU0-14486,b3854
TU0-14486,b3855
TU0-14487,b4007
TU0-14487,b4008
TU0-14487,b4009
TU0-14487,b4010
TU0-14489,b2892
TU0-14489,b2893
TU0-14489,b2894
TU0-14490,b0437
TU0-14490,b0438
TU0-14491,b2954
TU0-14491,b2955
TU0-14493,b2928
TU0-14493,b2929
TU0-14494,b0144
TU0-14494,b0145
TU0-14521,b0342
TU0-14521,b0343
TU0-14523,b2037
TU0-14523,b2038
TU0-14523,b2039
TU0-14524,b0204
TU0-14524,b0205
TU0-14525,b3623
TU0-14525,b3624
TU0-14527,b1763
TU0-14527,b1764
TU0-14528,b3970
TU0-14528,b3971
TU0-14529,b0035
TU0-14529,b0036
TU0-14529,b0037
TU0-14530,b4009
TU0-14530,b4010
TU0-14531,b2276
TU0-14531,b2277
TU0-14532,b3249
TU0-14532,b3250
TU0-14533,b3854
TU0-14533,b3855
TU0-14535,b0245
TU0-14535,b0246
TU0-14535,b0247
TU0-14535,b4504
TU0-14536,b2975
TU0-14536,b2976
TU0-14537,b4382
TU0-14537,b4383
TU0-14537,b4384
TU0-14538,b2260
TU0-14538,b2261
TU0-14538,b2262
TU0-14538,b2263
TU0-14538,b2264
TU0-14545,b1499
TU0-14545,b1500
TU0-14546,b0389
TU0-14546,b0390
TU0-14547,b4085
TU0-14547,b4086
TU0-14547,b4087
TU0-14547,b4088
TU0-14548,b4172
TU0-14548,b4173
TU0-14548,b4174
TU0-14548,b4175
TU0-14549,b1229
TU0-14549,b1230
TU0-14550,b1305
TU0-14550,b1306
TU0-14550,b1307
TU0-14550,b1308
TU0-14551,b3111
TU0-14551,b3113
TU0-14551,b3114
TU0-14551,b3115
TU0-14551,b3116
TU0-14551,b3117
TU0-14552,b4092
TU0-14552,b4093
TU0-14552,b4094
TU0-14552,b4095
TU0-14552,b4096
TU0-14553,b0664
TU0-14553,b0665
TU0-14553,b0666
TU0-14553,b0668
TU0-14558,b2754
TU0-14558,b2755
TU0-14558,b2756
TU0-14558,b2757
TU0-14559,b2128
TU0-14559,b2129
TU0-14559,b2130
TU0-14559,b2131
TU0-14561,b4170
TU0-14561,b4171
TU0-14561,b4172
TU0-14561,b4173
TU0-14561,b4174
TU0-14561,b4175
TU0-14562,b4170
TU0-14562,b4171
TU0-14562,b4172
TU0-14562,b4173
TU0-14562,b4174
TU0-14562,b4175
TU0-14563,b4171
TU0-14563,b4172
TU0-14563,b4173
TU0-14563,b4174
TU0-14563,b4175
TU0-14565,b4171
TU0-14565,b4172
TU0-14565,b4173
TU0-14565,b4174
TU0-14565,b4175
TU0-14567,b4172
TU0-14567,b4173
TU0-14567,b4174
TU0-14567,b4175
TU0-14568,b4172
TU0-14568,b4173
TU0-14568,b4174
TU0-14568,b4175
TU0-14571,b4365
TU0-14571,b4366
TU0-14573,b3174
TU0-14573,b3175
TU0-14574,b3174
TU0-14574,b3175
TU0-14609,b0174
TU0-14609,b0175
TU0-14611,b0289
TU0-14611,b0290
TU0-14611,b0291
TU0-14611,b0292
TU0-14616,b0513
TU0-14616,b0514
TU0-14618,b0869
TU0-14618,b0870
TU0-14629,b1636
TU0-14629,b1637
TU0-14632,b1783
TU0-14632,b1784
TU0-14638,b2091
TU0-14638,b2092
TU0-14638,b2093
TU0-14638,b2094
TU0-14638,b2095
TU0-14645,b2494
TU0-14645,b2495
TU0-14654,b2779
TU0-14654,b2780
TU0-14656,b3156
TU0-14656,b3157
TU0-14658,b3294
TU0-14658,b3295
TU0-14658,b3296
TU0-14658,b3297
TU0-14658,b3298
TU0-14661,b3343
TU0-14661,b3344
TU0-14661,b3345
TU0-14661,b3346
TU0-14669,b3929
TU0-14669,b3930
TU0-14675,b1669
TU0-14675,b1670
TU0-14675,b1671
TU0-14675,b1672
TU0-14675,b1673
TU0-14675,b1674
TU0-14676,b0861
TU0-14676,b0862
TU0-14676,b0863
TU0-14676,b0864
TU0-14677,b0861
TU0-14677,b0862
TU0-14677,b0863
TU0-14677,b0864
TU0-14678,b0861
TU0-14678,b0862
TU0-14678,b0863
TU0-14678,b0864
TU0-14679,b0707
TU0-14679,b0708
TU0-14681,b0144
TU0-14681,b0145
TU0-14687,b1649
TU0-14687,b1650
TU0-14688,b0814
TU0-14688,b4736
TU0-14689,b2911
TU0-14689,b2912
TU0-14691,b2245
TU0-14691,b2246
TU0-14691,b2247
TU0-14691,b2248
TU0-14693,b3726
TU0-14693,b3727
TU0-14693,b3728
TU0-14694,b3724
TU0-14694,b3725
TU0-14697,b3513
TU0-14697,b3514
TU0-14698,b3513
TU0-14698,b3514
TU0-14701,b3035
TU0-14701,b3037
TU0-14701,b3038
TU0-14702,b3035
TU0-14702,b3037
TU0-14702,b3038
TU0-14704,b3035
TU0-14704,b3037
TU0-14704,b3038
TU0-14714,b2428
TU0-14714,b2429
TU0-14715,b2428
TU0-14715,b2429
TU0-14736,b3512
TU0-14736,b4718
TU0-14742,b3512
TU0-14742,b3513
TU0-14742,b3514
TU0-14742,b4718
TU0-14744,b3624
TU0-14744,b3625
TU0-14746,b3091
TU0-14746,b3092
TU0-14750,b0613
TU0-14750,b0614
TU0-14750,b0615
TU0-14750,b0616
TU0-14750,b0617
TU0-14750,b0618
TU0-14751,b0619
TU0-14751,b0620
TU0-14759,b4168
TU0-14759,b4169
TU0-14759,b4170
TU0-14759,b4171
TU0-14759,b4172
TU0-14759,b4173
TU0-14759,b4174
TU0-14759,b4175
TU0-14761,b0605
TU0-14761,b0606
TU0-14762,b1164
TU0-14762,b1165
TU0-14762,b1166
TU0-14762,b1167
TU0-14763,b3162
TU0-14763,b4685
TU0-14764,b3667
TU0-14764,b3668
TU0-14764,b3669
TU0-14764,b3670
TU0-14764,b3671
TU0-14764,b3672
TU0-14765,b2603
TU0-14765,b2604
TU0-14766,b4326
TU0-14766,b4720
TU0-14766,b4721
TU0-14766,b4722
TU0-14771,b1823
TU0-14771,b1824
TU0-14783,b3476
TU0-14783,b3477
TU0-14783,b3478
TU0-14783,b3479
TU0-14783,b3480
TU0-14783,b3481
TU0-14785,b1891
TU0-14785,b1892
TU0-14791,b3021
TU0-14791,b3022
TU0-14792,b2866
TU0-14792,b2867
TU0-14792,b2868
TU0-14798,b1763
TU0-14798,b1764
TU0-14801,b4109
TU0-14801,b4110
TU0-14802,b0245
TU0-14802,b0246
TU0-14802,b0247
TU0-14802,b0248
TU0-14802,b0249
TU0-14802,b0250
TU0-14802,b4504
TU0-14803,b0245
TU0-14803,b0246
TU0-14803,b0247
TU0-14803,b0248
TU0-14803,b0249
TU0-14803,b0250
TU0-14803,b4504
TU0-14816,b2925
TU0-14816,b2926
TU0-14818,b2925
TU0-14818,b2926
TU0-1544,b1070
TU0-1544,b1071
TU0-1545,b1082
TU0-1545,b1083
TU0-1547,b1881
TU0-1547,b1882
TU0-1547,b1883
TU0-1547,b1884
TU0-1547,b1885
TU0-1547,b1886
TU0-1601,b3221
TU0-1601,b3222
TU0-1601,b3223
TU0-1601,b3224
TU0-1601,b3225
TU0-1781,b1203
TU0-1781,b1204
TU0-1821,b0572
TU0-1821,b0573
TU0-1821,b0574
TU0-1821,b0575
TU0-1822,b0570
TU0-1822,b0571
TU0-1881,b2528
TU0-1881,b2529
TU0-1881,b2530
TU0-1881,b2531
TU0-1921,b2661
TU0-1921,b2662
TU0-1921,b2663
TU0-1962,b2975
TU0-1962,b2976
TU0-1962,b2977
TU0-1962,b2978
TU0-1962,b2979
TU0-2001,b0948
TU0-2001,b0949
TU0-2101,b0850
TU0-2101,b0851
TU0-2101,b0852
TU0-2101,b0853
TU0-2121,b0852
TU0-2121,b0853
TU0-2302,b0197
TU0-2302,b0198
TU0-2302,b0199
TU0-2402,b0347
TU0-2402,b0348
TU0-2402,b0349
TU0-2402,b0350
TU0-2402,b0351
TU0-2402,b0352
TU0-2405,b0345
TU0-2405,b0346
TU0-2421,b4242
TU0-2421,b4702
TU0-2422,b4242
TU0-2422,b4702
TU0-2621,b1679
TU0-2621,b1680
TU0-2621,b1681
TU0-2621,b1682
TU0-2621,b1683
TU0-2621,b1684
TU0-2701,b2000
TU0-2701,b4435
TU0-2741,b2435
TU0-2741,b2436
TU0-3,b3911
TU0-3,b3912
TU0-3101,b2367
TU0-3101,b2368
TU0-3123,b0485
TU0-3123,b0486
TU0-3145,b2866
TU0-3145,b2867
TU0-3145,b2868
TU0-3161,b0733
TU0-3161,b0734
TU0-3162,b0733
TU0-3162,b0734
TU0-3163,b0733
TU0-3163,b0734
TU0-3305,b1716
TU0-3305,b1717
TU0-3305,b1718
TU0-3364,b3968
TU0-3364,b3969
TU0-3364,b3970
TU0-3364,b3971
TU0-3422,b0471
TU0-3422,b0472
TU0-3424,b4159
TU0-3424,b4160
TU0-3426,b0377
TU0-3426,b0378
TU0-3463,b1838
TU0-3463,b4433
TU0-3465,b3922
TU0-3465,b3923
TU0-3484,b2431
TU0-3484,b2432
TU0-3581,b2306
TU0-3581,b2307
TU0-3581,b2308
TU0-3581,b2309
TU0-3581,b2310
TU0-3602,b0331
TU0-3602,b0333
TU0-3602,b0334
TU0-3602,b0335
TU0-3621,b1783
TU0-3621,b1784
TU0-3622,b3269
TU0-3622,b3270
TU0-3622,b3271
TU0-3623,b1483
TU0-3623,b1484
TU0-3623,b1485
TU0-3623,b1486
TU0-3623,b1487
TU0-3623,b1488
TU0-36399,b2553
TU0-36399,b2554
TU0-36404,b3716
TU0-36404,b3717
TU0-36412,b0142
TU0-36412,b0143
TU0-36413,b2290
TU0-36413,b2291
TU0-36417,b3428
TU0-36417,b3429
TU0-36418,b3724
TU0-36418,b3725
TU0-36418,b3726
TU0-36418,b3727
TU0-36419,b3724
TU0-36419,b3725
TU0-36427,b0345
TU0-36427,b0346
TU0-36430,b3196
TU0-36430,b3197
TU0-36430,b3198
TU0-36430,b3199
TU0-36430,b3200
TU0-36430,b3201
TU0-36431,b3198
TU0-36431,b3199
TU0-36431,b3200
TU0-36431,b3201
TU0-36432,b3198
TU0-36432,b3199
TU0-36432,b3200
TU0-36432,b3201
TU0-36433,b3200
TU0-36433,b3201
TU0-36435,b4026
TU0-36435,b4027
TU0-36435,b4028
TU0-36435,b4029
TU0-36443,b0999
TU0-36443,b1000
TU0-3645,b1006
TU0-3645,b1007
TU0-3645,b1008
TU0-3645,b1009
TU0-3645,b1010
TU0-3645,b1011
TU0-3645,b1012
TU0-3721,b4067
TU0-3721,b4068
TU0-3721,b4069
TU0-3723,b4067
TU0-3723,b4068
TU0-3723,b4069
TU0-3741,b3939
TU0-3741,b3940
TU0-3841,b0058
TU0-3841,b0059
TU0-3862,b0019
TU0-3862,b0020
TU0-3963,b0588
TU0-3963,b0589
TU0-3963,b0590
TU0-4001,b2659
TU0-4001,b2660
TU0-4001,b2661
TU0-4001,b2662
TU0-4001,b2663
TU0-4143,b1048
TU0-4143,b1049
TU0-4146,b0178
TU0-4146,b0179
TU0-4146,b0180
TU0-4146,b0181
TU0-41760,b1377
TU0-41760,b1378
TU0-41795,b1497
TU0-41795,b1498
TU0-4181,b3619
TU0-4181,b3620
TU0-4181,b3621
TU0-4181,b3622
TU0-4182,b3619
TU0-4182,b3620
TU0-4182,b3621
TU0-4182,b3622
TU0-4183,b3619
TU0-4183,b3620
TU0-4183,b3621
TU0-4183,b3622
TU0-4201,b1210
TU0-4201,b1211
TU0-4201,b1212
TU0-4205,b3095
TU0-4205,b3096
TU0-42449,b2446
TU0-42449,b2447
TU0-42451,b1898
TU0-42451,b1900
TU0-42451,b1901
TU0-42452,b2501
TU0-42452,b2502
TU0-42455,b3612
TU0-42455,b3613
TU0-42455,b3614
TU0-42460,b4416
TU0-42460,b4705
TU0-42462,b1483
TU0-42462,b1484
TU0-42462,b1485
TU0-42462,b1486
TU0-42462,b1487
TU0-42462,b1488
TU0-42463,b1483
TU0-42463,b1484
TU0-42463,b1485
TU0-42463,b1486
TU0-42463,b1487
TU0-42463,b1488
TU0-42478,b0071
TU0-42478,b0072
TU0-42478,b0073
TU0-42478,b0074
TU0-42478,b0075
TU0-42495,b3189
TU0-42495,b3190
TU0-42497,b0144
TU0-42497,b0145
TU0-42499,b1611
TU0-42499,b1612
TU0-42504,b2398
TU0-42504,b2399
TU0-42509,b0726
TU0-42509,b0727
TU0-42519,b3836
TU0-42519,b3838
TU0-42519,b3839
TU0-42524,b1326
TU0-42524,b1327
TU0-42524,b4525
TU0-42524,b4673
TU0-42532,b0999
TU0-42532,b1000
TU0-42533,b0999
TU0-42533,b1000
TU0-42534,b1649
TU0-42534,b1650
TU0-42534,b1651
TU0-42535,b1440
TU0-42535,b1441
TU0-42535,b1442
TU0-42535,b1443
TU0-42535,b1444
TU0-42540,b1377
TU0-42540,b1378
TU0-42544,b4309
TU0-42544,b4310
TU0-42544,b4311
TU0-42545,b4128
TU0-42545,b4559
TU0-42568,b0388
TU0-42568,b0389
TU0-42568,b0390
TU0-42571,b2840
TU0-42571,b2841
TU0-42573,b1279
TU0-42573,b1280
TU0-42581,b0758
TU0-42581,b0759
TU0-42582,b0758
TU0-42582,b0759
TU0-42583,b0757
TU0-42583,b0758
TU0-42583,b0759
TU0-42584,b0757
TU0-42584,b0758
TU0-42584,b0759
TU0-42594,b0652
TU0-42594,b0653
TU0-42594,b0654
TU0-42594,b0655
TU0-42594,b4763
TU0-42596,b3608
TU0-42596,b3609
TU0-42596,b3610
TU0-42596,b3611
TU0-42603,b3255
TU0-42603,b3256
TU0-42605,b0433
TU0-42605,b0434
TU0-42608,b2665
TU0-42608,b2666
TU0-42628,b3183
TU0-42628,b3184
TU0-42628,b3185
TU0-42628,b3186
TU0-42636,b2570
TU0-42636,b2571
TU0-42636,b2572
TU0-42636,b2573
TU0-42636,b4725
TU0-42638,b2570
TU0-42638,b2571
TU0-42638,b2572
TU0-42638,b2573
TU0-42638,b4725
TU0-42640,b2570
TU0-42640,b2571
TU0-42640,b2572
TU0-42640,b2573
TU0-42640,b4725
TU0-42642,b2570
TU0-42642,b2571
TU0-42642,b2572
TU0-42642,b2573
TU0-42650,b0871
TU0-42650,b0872
TU0-42650,b0873
TU0-42662,b0883
TU0-42662,b0884
TU0-42664,b1044
TU0-42664,b1045
TU0-42664,b1046
TU0-42668,b1044
TU0-42668,b1045
TU0-42672,b3191
TU0-42672,b3192
TU0-42672,b3193
TU0-42672,b3194
TU0-42672,b3195
TU0-42674,b3191
TU0-42674,b3192
TU0-42674,b3193
TU0-42674,b3194
TU0-42674,b3195
TU0-42686,b3880
TU0-42686,b3881
TU0-42686,b3882
TU0-42688,b3880
TU0-42688,b3881
TU0-42688,b3882
TU0-42689,b3880
TU0-42689,b3881
TU0-42689,b3882
TU0-42690,b3880
TU0-42690,b3881
TU0-42690,b3882
TU0-4287,b0052
TU0-4287,b0053
TU0-4287,b0054
TU0-4343,b0097
TU0-4343,b0098
TU0-4343,b0099
TU0-4404,b1296
TU0-4404,b4742
TU0-44226,b3168
TU0-44226,b3169
TU0-4441,b2710
TU0-4441,b2711
TU0-4444,b0687
TU0-4444,b0688
TU0-4462,b2787
TU0-4462,b2788
TU0-4462,b2789
TU0-4482,b0731
TU0-4482,b0732
TU0-4502,b4085
TU0-4502,b4086
TU0-4502,b4087
TU0-4502,b4088
TU0-4502,b4089
TU0-4504,b4085
TU0-4504,b4086
TU0-4504,b4087
TU0-4504,b4088
TU0-4504,b4089
TU0-45144,b1838
TU0-45144,b4433
TU0-45145,b1438
TU0-45145,b4532
TU0-45147,b1244
TU0-45147,b1245
TU0-45147,b1246
TU0-45147,b1247
TU0-45160,b3162
TU0-45160,b4685
TU0-45165,b3851
TU0-45165,b3852
TU0-45165,b3853
TU0-45165,b3854
TU0-45165,b3855
TU0-45166,b1164
TU0-45166,b1165
TU0-45166,b1166
TU0-45166,b1167
TU0-45168,b3740
TU0-45168,b3741
TU0-45169,b1276
TU0-45169,b4741
TU0-45171,b0972
TU0-45171,b0973
TU0-45171,b0974
TU0-45171,b0975
TU0-45171,b0976
TU0-45171,b0977
TU0-45173,b2911
TU0-45173,b2912
TU0-45174,b1048
TU0-45174,b1049
TU0-45176,b0757
TU0-45176,b0758
TU0-45176,b0759
TU0-45177,b0758
TU0-45177,b0759
TU0-45179,b0756
TU0-45179,b0757
TU0-45179,b0758
TU0-45179,b0759
TU0-45180,b4142
TU0-45180,b4143
TU0-45182,b3212
TU0-45182,b3213
TU0-45182,b3214
TU0-45183,b1898
TU0-45183,b1900
TU0-45183,b1901
TU0-45186,b0950
TU0-45186,b0951
TU0-45186,b0952
TU0-45187,b3700
TU0-45187,b3701
TU0-45190,b0070
TU0-45190,b4577
TU0-45190,b4662
TU0-45193,b1593
TU0-45193,b1594
TU0-45195,b0999
TU0-45195,b1000
TU0-45196,b3700
TU0-45196,b3701
TU0-45198,b2588
TU0-45198,b2589
TU0-45198,b2590
TU0-45198,b2591
TU0-45199,b2892
TU0-45199,b2893
TU0-45199,b2894
TU0-45201,b1037
TU0-45201,b1038
TU0-45201,b1039
TU0-45201,b1040
TU0-45202,b3905
TU0-45202,b3906
TU0-45204,b3724
TU0-45204,b3725
TU0-45204,b3726
TU0-45204,b3727
TU0-45207,b2677
TU0-45207,b2678
TU0-45207,b2679
TU0-45209,b3756
TU0-45209,b3757
TU0-45209,b3758
TU0-45209,b3759
TU0-45211,b2428
TU0-45211,b2429
TU0-45214,b3726
TU0-45214,b3727
TU0-45214,b3728
TU0-45216,b3724
TU0-45216,b3725
TU0-45216,b3726
TU0-45216,b3727
TU0-45216,b3728
TU0-45217,b0231
TU0-45217,b0232
TU0-45217,b0233
TU0-45217,b0234
TU0-45219,b4326
TU0-45219,b4722
TU0-45222,b0113
TU0-45222,b0114
TU0-45222,b0115
TU0-45222,b0116
TU0-45224,b1041
TU0-45224,b1042
TU0-45224,b1043
TU0-45225,b4151
TU0-45225,b4152
TU0-45225,b4153
TU0-45225,b4154
TU0-45226,b2406
TU0-45226,b2407
TU0-45227,b3272
TU0-45227,b3273
TU0-45227,b3274
TU0-45227,b3275
TU0-45227,b3276
TU0-45227,b3277
TU0-45227,b3278
TU0-45228,b1056
TU0-45228,b1057
TU0-45231,b1492
TU0-45231,b1493
TU0-45232,b2415
TU0-45232,b2416
TU0-45232,b2417
TU0-45237,b3724
TU0-45237,b3725
TU0-45238,b2661
TU0-45238,b2662
TU0-45238,b2663
TU0-45241,b4067
TU0-45241,b4068
TU0-45241,b4069
TU0-45242,b3508
TU0-45242,b3509
TU0-45242,b3510
TU0-45245,b0142
TU0-45245,b0143
TU0-45246,b1587
TU0-45246,b1588
TU0-45246,b1589
TU0-45246,b1590
TU0-45246,b1591
TU0-45248,b2212
TU0-45248,b2213
TU0-4525,b2698
TU0-4525,b2699
TU0-45254,b0114
TU0-45254,b0115
TU0-45256,b2148
TU0-45256,b2149
TU0-45256,b2150
TU0-45257,b1037
TU0-45257,b1038
TU0-45257,b1039
TU0-45257,b1040
TU0-45259,b0950
TU0-45259,b0951
TU0-45259,b0952
TU0-45261,b1279
TU0-45261,b1280
TU0-45262,b1279
TU0-45262,b1280
TU0-45262,b1281
TU0-45262,b1282
TU0-45264,b0157
TU0-45264,b0158
TU0-45264,b0159
TU0-45265,b0978
TU0-45265,b0979
TU0-45265,b0980
TU0-45265,b4592
TU0-45267,b3700
TU0-45267,b3701
TU0-45268,b3516
TU0-45268,b3517
TU0-45269,b0201
TU0-45269,b0202
TU0-45269,b0203
TU0-45269,b0204
TU0-45269,b0205
TU0-45271,b0093
TU0-45271,b0094
TU0-45271,b0095
TU0-45272,b0630
TU0-45272,b0631
TU0-45273,b2925
TU0-45273,b2926
TU0-45273,b2927
TU0-45274,b2926
TU0-45274,b2927
TU0-45275,b3968
TU0-45275,b3969
TU0-45275,b3970
TU0-45275,b3971
TU0-45277,b4007
TU0-45277,b4008
TU0-45277,b4009
TU0-45277,b4010
TU0-45278,b2570
TU0-45278,b2571
TU0-45278,b2572
TU0-45278,b2573
TU0-45281,b3911
TU0-45281,b3912
TU0-45282,b2570
TU0-45282,b2571
TU0-45282,b2572
TU0-45282,b2573
TU0-45282,b4725
TU0-45291,b3708
TU0-45291,b3709
TU0-4545,b0756
TU0-4545,b0757
TU0-4545,b0758
TU0-4545,b0759
TU0-4562,b4122
TU0-4562,b4123
TU0-4604,b1858
TU0-4604,b1859
TU0-4682,b4264
TU0-4682,b4265
TU0-4682,b4266
TU0-4682,b4267
TU0-4701,b0342
TU0-4701,b0343
TU0-4701,b0344
TU0-4702,b0342
TU0-4702,b0343
TU0-4702,b0344
TU0-4703,b0342
TU0-4703,b0343
TU0-4703,b0344
TU0-4783,b4237
TU0-4783,b4238
TU0-4802,b3721
TU0-4802,b3722
TU0-4802,b3723
TU0-4823,b2661
TU0-4823,b2662
TU0-4823,b2663
TU0-4881,b3435
TU0-4881,b3437
TU0-4881,b3438
TU0-4901,b3512
TU0-4901,b4718
TU0-4904,b1779
TU0-4904,b1780
TU0-4981,b3413
TU0-4981,b3414
TU0-5,b1090
TU0-5,b1091
TU0-5,b1092
TU0-5,b1093
TU0-5003,b4142
TU0-5003,b4143
TU0-5021,b3091
TU0-5021,b3092
TU0-5081,b1615
TU0-5081,b1616
TU0-5081,b1617
TU0-5121,b3339
TU0-5121,b3340
TU0-5162,b4193
TU0-5162,b4194
TU0-5162,b4195
TU0-5162,b4196
TU0-5162,b4197
TU0-5162,b4198
TU0-5182,b2317
TU0-5182,b2318
TU0-5182,b2319
TU0-5182,b2320
TU0-5183,b2317
TU0-5183,b2318
TU0-5183,b2319
TU0-5186,b0049
TU0-5186,b0050
TU0-5186,b0051
TU0-5201,b0049
TU0-5201,b0050
TU0-5201,b0051
TU0-5201,b0052
TU0-5202,b0049
TU0-5202,b0050
TU0-5221,b0051
TU0-5221,b0052
TU0-5261,b2194
TU0-5261,b2195
TU0-5261,b2196
TU0-5261,b2197
TU0-5261,b2198
TU0-5261,b2199
TU0-5261,b2200
TU0-5261,b2201
TU0-5321,b2341
TU0-5321,b2342
TU0-5322,b1697
TU0-5322,b1698
TU0-5322,b1699
TU0-5322,b1700
TU0-5322,b1701
TU0-5341,b2128
TU0-5341,b2129
TU0-5341,b2130
TU0-5341,b2131
TU0-5481,b1587
TU0-5481,b1588
TU0-5481,b1589
TU0-5481,b1590
TU0-5481,b1591
TU0-5522,b3635
TU0-5522,b3636
TU0-5522,b3637
TU0-5522,b3638
TU0-5543,b3635
TU0-5543,b3636
TU0-5543,b3637
TU0-5561,b2961
TU0-5561,b2962
TU0-5561,b2963
TU0-5561,b2964
TU0-5562,b2961
TU0-5562,b2962
TU0-5562,b2963
TU0-5562,b2964
TU0-5564,b2962
TU0-5564,b2963
TU0-5564,b2964
TU0-5567,b2961
TU0-5567,b2962
TU0-5568,b2961
TU0-5568,b2962
TU0-5568,b2963
TU0-5581,b2962
TU0-5581,b2963
TU0-5601,b3636
TU0-5601,b3637
TU0-5601,b3638
TU0-5661,b4345
TU0-5661,b4346
TU0-5682,b3512
TU0-5682,b3513
TU0-5682,b3514
TU0-5682,b4718
TU0-5741,b4050
TU0-5741,b4758
TU0-5781,b2961
TU0-5781,b2962
TU0-5782,b2961
TU0-5782,b2962
TU0-5782,b2963
TU0-5843,b2260
TU0-5843,b2261
TU0-5843,b2262
TU0-5881,b3833
TU0-5881,b3834
TU0-5881,b3835
TU0-5981,b3449
TU0-5981,b3450
TU0-5981,b3451
TU0-5981,b3452
TU0-5981,b3453
TU0-5982,b3449
TU0-5982,b3450
TU0-5982,b3451
TU0-5982,b3452
TU0-5982,b3453
TU0-6021,b4138
TU0-6021,b4139
TU0-6223,b3164
TU0-6223,b3165
TU0-6223,b3166
TU0-6223,b3167
TU0-6223,b3168
TU0-6223,b3169
TU0-6223,b3170
TU0-6223,b3171
TU0-6281,b3966
TU0-6281,b3967
TU0-6301,b0799
TU0-6301,b0800
TU0-6407,b1281
TU0-6407,b1282
TU0-6428,b2779
TU0-6428,b2780
TU0-6512,b3983
TU0-6512,b3984
TU0-6512,b3985
TU0-6512,b3986
TU0-6512,b3987
TU0-6512,b3988
TU0-6514,b4388
TU0-6514,b4389
TU0-6557,b2779
TU0-6557,b2780
TU0-6581,b3132
TU0-6581,b3133
TU0-6581,b3134
TU0-6583,b3136
TU0-6583,b3137
TU0-6583,b3138
TU0-6583,b3139
TU0-6583,b3140
TU0-6583,b3141
TU0-6623,b0493
TU0-6623,b0494
TU0-6626,b1712
TU0-6626,b1713
TU0-6626,b1714
TU0-6626,b1715
TU0-6629,b0933
TU0-6629,b0934
TU0-6629,b0935
TU0-6629,b0936
TU0-6629,b0937
TU0-6630,b4386
TU0-6630,b4387
TU0-6634,b0114
TU0-6634,b0115
TU0-6635,b3731
TU0-6635,b3732
TU0-6635,b3733
TU0-6635,b3734
TU0-6635,b3735
TU0-6635,b3736
TU0-6635,b3737
TU0-6635,b3738
TU0-6636,b3731
TU0-6636,b3732
TU0-6636,b3733
TU0-6636,b3734
TU0-6636,b3735
TU0-6636,b3736
TU0-6636,b3737
TU0-6636,b3738
TU0-6646,b4383
TU0-6646,b4384
TU0-6649,b0809
TU0-6649,b0810
TU0-6649,b0811
TU0-6650,b2022
TU0-6650,b2023
TU0-6650,b2024
TU0-6650,b2025
TU0-6650,b2026
TU0-6653,b2598
TU0-6653,b2599
TU0-6660,b3164
TU0-6660,b3165
TU0-6661,b1860
TU0-6661,b1861
TU0-6686,b1913
TU0-6686,b1914
TU0-6702,b0722
TU0-6702,b0723
TU0-6702,b0724
TU0-6843,b4310
TU0-6843,b4311
TU0-6861,b0077
TU0-6861,b0078
TU0-6881,b0077
TU0-6881,b0078
TU0-6882,b0077
TU0-6882,b0078
TU0-6885,b3360
TU0-6885,b3361
TU0-6885,b3362
TU0-6921,b2464
TU0-6921,b2465
TU0-6941,b3782
TU0-6941,b3783
TU0-6942,b2568
TU0-6942,b2569
TU0-7002,b3987
TU0-7002,b3988
TU0-7021,b0872
TU0-7021,b0873
TU0-7141,b1480
TU0-7141,b1481
TU0-7161,b3623
TU0-7161,b3624
TU0-7161,b3625
TU0-7161,b3626
TU0-7161,b3627
TU0-7161,b3628
TU0-7161,b3629
TU0-7161,b3630
TU0-7161,b3631
TU0-7161,b3632
TU0-7161,b4760
TU0-7162,b3623
TU0-7162,b3624
TU0-7162,b3625
TU0-7162,b3626
TU0-7162,b3627
TU0-7162,b3628
TU0-7162,b3629
TU0-7162,b3630
TU0-7162,b3631
TU0-7162,b3632
TU0-7201,b2537
TU0-7201,b4706
TU0-7202,b2538
TU0-7202,b2539
TU0-7202,b2540
TU0-7202,b2541
TU0-7202,b2542
TU0-7262,b0782
TU0-7262,b0783
TU0-7262,b0784
TU0-7262,b0785
TU0-7281,b3280
TU0-7281,b3281
TU0-7281,b3282
TU0-7281,b3283
TU0-7541,b2369
TU0-7541,b2370
TU0-7541,b4781
TU0-7561,b2369
TU0-7561,b2370
TU0-7561,b4781
TU0-7603,b0507
TU0-7603,b0508
TU0-7603,b0509
TU0-7603,b0511
TU0-7603,b0512
TU0-7603,b0513
TU0-7603,b0514
TU0-7622,b0515
TU0-7622,b0516
TU0-7622,b0517
TU0-7681,b1546
TU0-7681,b1547
TU0-7681,b1548
TU0-7722,b1896
TU0-7722,b1897
TU0-7746,b2371
TU0-7746,b2372
TU0-7746,b2373
TU0-7746,b2374
TU0-7746,b2375
TU0-7784,b1608
TU0-7784,b1609
TU0-7861,b1513
TU0-7861,b1514
TU0-7861,b1515
TU0-7861,b1516
TU0-7861,b1517
TU0-7861,b1518
TU0-7861,b1519
TU0-7881,b2074
TU0-7881,b2075
TU0-7881,b2076
TU0-7881,b2077
TU0-7881,b2078
TU0-7881,b2079
TU0-7901,b2148
TU0-7901,b2149
TU0-7981,b1198
TU0-7981,b1199
TU0-7981,b1200
TU0-8081,b2925
TU0-8081,b2926
TU0-8082,b2925
TU0-8082,b2926
TU0-8082,b2927
TU0-8143,b2464
TU0-8143,b2465
TU0-8241,b1863
TU0-8241,b1864
TU0-8243,b1863
TU0-8243,b1864
TU0-8243,b1865
TU0-8301,b2296
TU0-8301,b2297
TU0-8321,b3640
TU0-8321,b3641
TU0-8323,b1207
TU0-8323,b1208
TU0-8323,b1209
TU0-8343,b2917
TU0-8343,b2918
TU0-8343,b2919
TU0-8343,b2920
TU0-8344,b2726
TU0-8344,b2727
TU0-8344,b2728
TU0-8344,b2729
TU0-8344,b2730
TU0-8344,b2731
TU0-8345,b2727
TU0-8345,b2728
TU0-8345,b2729
TU0-8345,b2730
TU0-8345,b2731
TU0-8346,b3370
TU0-8346,b3371
TU0-8346,b3373
TU0-8346,b3374
TU0-8346,b3375
TU0-8347,b4124
TU0-8347,b4125
TU0-8354,b3531
TU0-8354,b3532
TU0-8361,b0142
TU0-8361,b0143
TU0-8362,b0142
TU0-8362,b0143
TU0-8365,b3530
TU0-8365,b3531
TU0-8365,b3532
TU0-8365,b3533
TU0-8367,b1234
TU0-8367,b1235
TU0-8368,b1991
TU0-8368,b1992
TU0-8368,b1993
TU0-8373,b0177
TU0-8373,b0178
TU0-8373,b0179
TU0-8373,b0180
TU0-8373,b0181
TU0-8373,b0182
TU0-8373,b0183
TU0-8373,b0184
TU0-8454,b0710
TU0-8454,b0711
TU0-8454,b0712
TU0-8454,b0713
TU0-8454,b0714
TU0-8455,b0710
TU0-8455,b0711
TU0-8455,b0712
TU0-8455,b0713
TU0-8455,b0714
TU0-8456,b1626
TU0-8456,b1627
TU0-8456,b1628
TU0-8456,b1629
TU0-8456,b1630
TU0-8456,b1631
TU0-8456,b1632
TU0-8456,b1633
TU0-8458,b1627
TU0-8458,b1628
TU0-8458,b1629
TU0-8458,b1630
TU0-8458,b1631
TU0-8458,b1632
TU0-8458,b1633
TU0-8471,b1021
TU0-8471,b1022
TU0-8471,b1023
TU0-8471,b1024
TU0-8475,b1284
TU0-8475,b4596
TU0-8478,b1489
TU0-8478,b1490
TU0-8484,b2202
TU0-8484,b2203
TU0-8484,b2204
TU0-8484,b2205
TU0-8484,b2206
TU0-8484,b2207
TU0-8484,b2208
TU0-8502,b4178
TU0-8502,b4179
TU0-8502,b4180
TU0-8502,b4181
TU0-8855,b1715
TU0-8855,b1716
TU0-8864,b1636
TU0-8864,b1637
TU0-8864,b1638
TU0-8865,b1636
TU0-8865,b1637
TU0-8867,b4360
TU0-8867,b4361
TU0-8867,b4362
TU0-8867,b4363
TU0-8868,b4361
TU0-8868,b4362
TU0-8869,b4361
TU0-8869,b4362
TU0-8869,b4363
TU0-941,b0081
TU0-941,b0082
TU0-941,b0083
TU0-941,b0084
TU0-941,b0085
TU0-941,b0086
TU0-941,b0087
TU0-941,b0088
TU0-941,b0089
TU0-941,b0090
TU0-941,b0091
TU0-941,b0092
TU0-941,b0093
TU0-941,b0094
TU0-941,b0095
TU0-941,b0096
TU0-941,b4810
TU0-965,b3929
TU0-965,b3930
TU00001,b4014
TU00001,b4015
TU00001,b4016
TU00004,b3958
TU00004,b3959
TU00004,b3960
TU00008,b2600
TU00008,b2601
TU00011,b0388
TU00011,b0389
TU00011,b0390
TU00017,b4381
TU00017,b4382
TU00017,b4383
TU00017,b4384
TU00018,b4381
TU00018,b4382
TU00018,b4383
TU00018,b4384
TU00019,b0894
TU00019,b0895
TU00019,b0896
TU00020,b0150
TU00020,b0151
TU00020,b0152
TU00020,b0153
TU00021,b3260
TU00021,b3261
TU00023,b4151
TU00023,b4152
TU00023,b4153
TU00023,b4154
TU00025,b0756
TU00025,b0757
TU00025,b0758
TU00025,b0759
TU00026,b0756
TU00026,b0757
TU00026,b0758
TU00026,b0759
TU00027,b3868
TU00027,b3869
TU00027,b3870
TU00028,b3868
TU00028,b3869
TU00029,b3868
TU00029,b3869
TU00029,b3870
TU00030,b2241
TU00030,b2242
TU00030,b2243
TU00032,b3670
TU00032,b3671
TU00032,b3672
TU00035,b0696
TU00035,b0697
TU00035,b0698
TU00035,b4513
TU00036,b0342
TU00036,b0343
TU00036,b0344
TU00037,b4043
TU00037,b4044
TU00038,b4032
TU00038,b4033
TU00038,b4034
TU00038,b4807
TU00039,b3416
TU00039,b3417
TU00043,b0675
TU00043,b0676
TU00043,b0677
TU00043,b0678
TU00044,b1224
TU00044,b1225
TU00044,b1226
TU00044,b1227
TU00046,b3365
TU00046,b3366
TU00046,b3367
TU00046,b3368
TU00047,b2234
TU00047,b2235
TU00047,b2236
TU00052,b0383
TU00052,b0384
TU00053,b0399
TU00053,b0400
TU00054,b1131
TU00054,b1132
TU00056,b4005
TU00056,b4006
TU00058,b2499
TU00058,b2500
TU00063,b3905
TU00063,b3906
TU00067,b1260
TU00067,b1261
TU00067,b1262
TU00067,b1263
TU00067,b1264
TU00067,b1265
TU00072,b2212
TU00072,b2213
TU00074,b0605
TU00074,b0606
TU00078,b2762
TU00078,b2763
TU00078,b2764
TU00081,b0077
TU00081,b0078
TU00082,b0522
TU00082,b0523
TU00085,b3707
TU00085,b3708
TU00085,b3709
TU00096,b3506
TU00096,b3507
TU00097,b0978
TU00097,b0979
TU00097,b0980
TU00097,b4592
TU00098,b1898
TU00098,b1900
TU00098,b1901
TU00100,b0733
TU00100,b0734
TU00101,b0428
TU00101,b0429
TU00101,b0430
TU00101,b0431
TU00101,b0432
TU00103,b0726
TU00103,b0727
TU00103,b0728
TU00103,b0729
TU00103,b4764
TU00109,b0032
TU00109,b0033
TU00110,b0032
TU00110,b0033
TU00114,b2221
TU00114,b2222
TU00114,b2223
TU00114,b2224
TU00115,b0311
TU00115,b0312
TU00115,b0313
TU00117,b0775
TU00117,b0776
TU00117,b0777
TU00117,b0778
TU00122,b3428
TU00122,b3429
TU00122,b3430
TU00123,b4035
TU00123,b4036
TU00123,b4037
TU00125,b3111
TU00125,b3113
TU00125,b3114
TU00125,b3115
TU00125,b3116
TU00125,b3117
TU00125,b3118
TU00127,b3076
TU00127,b3077
TU00128,b2801
TU00128,b2802
TU00128,b2803
TU00128,b2804
TU00128,b2805
TU00131,b4119
TU00131,b4120
TU00132,b1621
TU00132,b1622
TU00133,b2702
TU00133,b2703
TU00133,b2704
TU00133,b2705
TU00133,b2706
TU00133,b2707
TU00133,b2708
TU00135,b2799
TU00135,b2800
TU00136,b1891
TU00136,b1892
TU00142,b0339
TU00142,b0340
TU00142,b0341
TU00144,b2421
TU00144,b2422
TU00144,b2423
TU00144,b2424
TU00144,b2425
TU00146,b2750
TU00146,b2751
TU00146,b2752
TU00148,b2365
TU00148,b2366
TU00151,b4287
TU00151,b4288
TU00151,b4289
TU00151,b4290
TU00151,b4291
TU00153,b2717
TU00153,b2718
TU00153,b2719
TU00153,b2720
TU00153,b2721
TU00153,b2722
TU00153,b2723
TU00153,b2724
TU00153,b2725
TU00154,b2726
TU00154,b2727
TU00154,b2728
TU00154,b2729
TU00154,b2730
TU00156,b1221
TU00156,b1222
TU00157,b1474
TU00157,b1475
TU00157,b1476
TU00161,b2167
TU00161,b2168
TU00161,b2169
TU00163,b0583
TU00163,b0584
TU00165,b0588
TU00165,b0589
TU00165,b0590
TU00166,b0593
TU00166,b0594
TU00166,b0595
TU00166,b0596
TU00166,b0597
TU00168,b2148
TU00168,b2149
TU00168,b2150
TU00169,b2091
TU00169,b2092
TU00169,b2093
TU00169,b2094
TU00169,b2095
TU00169,b2096
TU00170,b2903
TU00170,b2904
TU00170,b2905
TU00172,b0809
TU00172,b0810
TU00172,b0811
TU00173,b3925
TU00173,b3926
TU00173,b3927
TU00177,b3404
TU00177,b3405
TU00178,b0001
TU00178,b0002
TU00178,b0003
TU00178,b0004
TU00179,b0071
TU00179,b0072
TU00179,b0073
TU00179,b0074
TU00179,b0075
TU00180,b1183
TU00180,b1184
TU00182,b3212
TU00182,b3213
TU00182,b3214
TU00184,b3454
TU00184,b3455
TU00184,b3456
TU00184,b3457
TU00184,b3458
TU00190,b1530
TU00190,b1531
TU00190,b1532
TU00193,b3599
TU00193,b3600
TU00193,b3601
TU00196,b1817
TU00196,b1818
TU00196,b1819
TU00197,b0336
TU00197,b0337
TU00199,b4070
TU00199,b4071
TU00199,b4072
TU00199,b4073
TU00199,b4074
TU00199,b4075
TU00199,b4076
TU00200,b0019
TU00200,b0020
TU00201,b4092
TU00201,b4093
TU00201,b4094
TU00201,b4095
TU00201,b4096
TU00201,b4097
TU00201,b4098
TU00201,b4099
TU00201,b4100
TU00201,b4101
TU00201,b4102
TU00201,b4105
TU00201,b4106
TU00202,b3724
TU00202,b3725
TU00202,b3726
TU00202,b3727
TU00202,b3728
TU00204,b2937
TU00204,b2938
TU00205,b2507
TU00205,b2508
TU00206,b3748
TU00206,b3749
TU00206,b3750
TU00206,b3751
TU00206,b3752
TU00206,b3753
TU00206,b4804
TU00207,b2058
TU00207,b2059
TU00207,b2060
TU00207,b2061
TU00207,b2062
TU00210,b0093
TU00210,b0094
TU00210,b0095
TU00212,b0996
TU00212,b0997
TU00212,b0998
TU00213,b4239
TU00213,b4240
TU00214,b0061
TU00214,b0062
TU00214,b0063
TU00215,b3845
TU00215,b3846
TU00216,b2239
TU00216,b2240
TU00219,b3902
TU00219,b3903
TU00219,b3904
TU00222,b1243
TU00222,b1244
TU00222,b1245
TU00222,b1246
TU00222,b1247
TU00225,b3616
TU00225,b3617
TU00227,b1850
TU00227,b1851
TU00228,b3435
TU00228,b3437
TU00231,b3255
TU00231,b3256
TU00233,b0462
TU00233,b0463
TU00234,b3265
TU00234,b3266
TU00236,b4167
TU00236,b4168
TU00236,b4169
TU00236,b4170
TU00236,b4171
TU00236,b4172
TU00236,b4173
TU00236,b4174
TU00236,b4175
TU00237,b0110
TU00237,b0111
TU00238,b1767
TU00238,b1768
TU00239,b3501
TU00239,b3502
TU00239,b3503
TU00240,b0861
TU00240,b0862
TU00240,b0863
TU00240,b0864
TU00241,b2715
TU00241,b2716
TU00243,b3731
TU00243,b3732
TU00243,b3733
TU00243,b3734
TU00243,b3735
TU00243,b3736
TU00243,b3737
TU00243,b3738
TU00243,b3739
TU00244,b2078
TU00244,b2079
TU00245,b4112
TU00245,b4113
TU00246,b1709
TU00246,b1710
TU00246,b1711
TU00247,b0035
TU00247,b0036
TU00247,b0037
TU00247,b0038
TU00247,b0039
TU00247,b0040
TU00248,b1733
TU00248,b1734
TU00248,b1735
TU00248,b1736
TU00248,b1737
TU00248,b1738
TU00249,b1217
TU00249,b1218
TU00250,b4224
TU00250,b4225
TU00251,b0437
TU00251,b0438
TU00252,b1991
TU00252,b1992
TU00252,b1993
TU00253,b4397
TU00253,b4398
TU00253,b4399
TU00253,b4400
TU00254,b0886
TU00254,b0887
TU00255,b1189
TU00255,b1190
TU00256,b2477
TU00256,b2478
TU00257,b1960
TU00257,b1961
TU00258,b3287
TU00258,b3288
TU00259,b3700
TU00259,b3701
TU00259,b3702
TU00260,b0014
TU00260,b0015
TU00261,b4360
TU00261,b4361
TU00261,b4362
TU00262,b3540
TU00262,b3541
TU00262,b3542
TU00262,b3543
TU00262,b3544
TU00263,b0139
TU00263,b0140
TU00264,b0565
TU00264,b0566
TU00265,b3005
TU00265,b3006
TU00266,b1091
TU00266,b1092
TU00266,b1093
TU00268,b3891
TU00268,b3892
TU00268,b3893
TU00268,b3894
TU00269,b3408
TU00269,b3409
TU00269,b3410
TU00270,b0585
TU00270,b0586
TU00270,b0587
TU00270,b4511
TU00272,b1070
TU00272,b1071
TU00272,b1072
TU00273,b1073
TU00273,b1074
TU00273,b1075
TU00273,b1076
TU00273,b1077
TU00273,b1078
TU00273,b1079
TU00273,b1080
TU00273,b1081
TU00274,b1924
TU00274,b1925
TU00274,b1926
TU00275,b1938
TU00275,b1939
TU00275,b1940
TU00275,b1941
TU00275,b1942
TU00275,b1943
TU00276,b1944
TU00276,b1945
TU00276,b1946
TU00276,b1947
TU00276,b1948
TU00276,b1949
TU00276,b1950
TU00277,b3178
TU00277,b3179
TU00278,b3462
TU00278,b3463
TU00278,b3464
TU00280,b3729
TU00280,b3730
TU00281,b3559
TU00281,b3560
TU00282,b3508
TU00282,b3509
TU00282,b3510
TU00283,b3802
TU00283,b3803
TU00283,b3804
TU00283,b3805
TU00284,b1507
TU00284,b1508
TU00285,b2018
TU00285,b2019
TU00285,b2020
TU00285,b2021
TU00285,b2022
TU00285,b2023
TU00285,b2024
TU00285,b2025
TU00285,b2026
TU00286,b4348
TU00286,b4349
TU00287,b3931
TU00287,b3932
TU00288,b0972
TU00288,b0973
TU00288,b0974
TU00288,b0975
TU00288,b0976
TU00288,b0977
TU00289,b2990
TU00289,b2991
TU00289,b2992
TU00289,b2993
TU00289,b2994
TU00289,b2995
TU00289,b2996
TU00289,b2997
TU00291,b0025
TU00291,b0026
TU00291,b0027
TU00291,b0028
TU00291,b0029
TU00292,b0694
TU00292,b0695
TU00293,b3633
TU00293,b3634
TU00295,b2827
TU00295,b2828
TU00297,b1048
TU00297,b1049
TU00298,b2260
TU00298,b2261
TU00298,b2262
TU00298,b2263
TU00298,b2264
TU00298,b2265
TU00299,b1174
TU00299,b1175
TU00299,b1176
TU00300,b0781
TU00300,b0782
TU00300,b0783
TU00300,b0784
TU00300,b0785
TU00301,b0763
TU00301,b0764
TU00301,b0765
TU00302,b0826
TU00302,b0827
TU00303,b1887
TU00303,b1888
TU00303,b1889
TU00303,b1890
TU00304,b3249
TU00304,b3250
TU00304,b3251
TU00305,b2194
TU00305,b2195
TU00305,b2196
TU00305,b2197
TU00305,b2198
TU00305,b2199
TU00305,b2200
TU00305,b2201
TU00305,b2202
TU00305,b2203
TU00305,b2204
TU00305,b2205
TU00305,b2206
TU00305,b2207
TU00305,b2208
TU00306,b1465
TU00306,b1466
TU00306,b1467
TU00306,b1468
TU00307,b0568
TU00307,b0569
TU00308,b3476
TU00308,b3477
TU00308,b3478
TU00308,b3479
TU00308,b3480
TU00308,b3481
TU00309,b2741
TU00309,b2742
TU00310,b2276
TU00310,b2277
TU00310,b2278
TU00310,b2279
TU00310,b2280
TU00310,b2281
TU00310,b2282
TU00310,b2283
TU00310,b2284
TU00310,b2285
TU00310,b2286
TU00310,b2287
TU00310,b2288
TU00311,b3168
TU00311,b3169
TU00311,b3170
TU00312,b1896
TU00312,b1897
TU00313,b0133
TU00313,b0134
TU00314,b3257
TU00314,b3258
TU00314,b3259
TU00315,b0142
TU00315,b0143
TU00316,b3951
TU00316,b3952
TU00319,b1129
TU00319,b1130
TU00320,b1602
TU00320,b1603
TU00321,b1123
TU00321,b1124
TU00321,b1125
TU00321,b1126
TU00322,b0854
TU00322,b0855
TU00322,b0856
TU00322,b0857
TU00323,b2501
TU00323,b2502
TU00324,b2890
TU00324,b2891
TU00325,b0242
TU00325,b0243
TU00326,b1304
TU00326,b1305
TU00326,b1306
TU00326,b1307
TU00326,b1308
TU00329,b3619
TU00329,b3620
TU00329,b3621
TU00329,b3622
TU00331,b2037
TU00331,b2038
TU00331,b2039
TU00331,b2040
TU00331,b2041
TU00332,b2566
TU00332,b2567
TU00333,b1652
TU00333,b1653
TU00334,b3642
TU00334,b3643
TU00335,b3985
TU00335,b3986
TU00335,b3987
TU00335,b3988
TU00336,b3230
TU00336,b3231
TU00337,b3299
TU00337,b3300
TU00337,b3301
TU00337,b3302
TU00337,b3303
TU00337,b3304
TU00337,b3305
TU00337,b3306
TU00337,b3307
TU00337,b3308
TU00337,b3309
TU00337,b3310
TU00338,b3185
TU00338,b3186
TU00339,b3636
TU00339,b3637
TU00340,b3703
TU00340,b3704
TU00342,b2570
TU00342,b2571
TU00342,b2572
TU00342,b2573
TU00344,b3649
TU00344,b3650
TU00344,b3651
TU00344,b3652
TU00345,b0169
TU00345,b0170
TU00345,b4414
TU00346,b4200
TU00346,b4201
TU00346,b4202
TU00346,b4203
TU00347,b3311
TU00347,b3312
TU00347,b3313
TU00347,b3314
TU00347,b3315
TU00347,b3316
TU00347,b3317
TU00347,b3318
TU00347,b3319
TU00347,b3320
TU00347,b3321
TU00348,b3339
TU00348,b3340
TU00348,b3341
TU00348,b3342
TU00349,b3294
TU00349,b3295
TU00349,b3296
TU00349,b3297
TU00349,b3298
TU00351,b2606
TU00351,b2607
TU00351,b2608
TU00351,b2609
TU00352,b3065
TU00352,b3066
TU00352,b3067
TU00353,b1860
TU00353,b1861
TU00354,b3981
TU00354,b3982
TU00355,b3590
TU00355,b3591
TU00356,b1763
TU00356,b1764
TU00356,b1765
TU00357,b0907
TU00357,b0908
TU00358,b0145
TU00358,b0146
TU00359,b0120
TU00359,b0121
TU00359,b0122
TU00360,b0692
TU00360,b0693
TU00360,b4803
TU00361,b3228
TU00361,b3229
TU00362,b0049
TU00362,b0050
TU00362,b0051
TU00362,b0052
TU00362,b0053
TU00363,b2743
TU00363,b2744
TU00364,b1429
TU00364,b1430
TU00365,b3990
TU00365,b3991
TU00365,b3992
TU00365,b3993
TU00365,b3994
TU00365,b4407
TU00366,b1718
TU00366,b1719
TU00367,b0736
TU00367,b0737
TU00367,b0738
TU00367,b0739
TU00368,b3061
TU00368,b3062
TU00368,b3063
TU00369,b4039
TU00369,b4040
TU00370,b2065
TU00370,b2066
TU00371,b3667
TU00371,b3668
TU00371,b3669
TU00373,b0419
TU00373,b0420
TU00373,b0421
TU00373,b0422
TU00374,b3566
TU00374,b3567
TU00374,b3568
TU00374,b3569
TU00377,b0903
TU00377,b0904
TU00378,b0903
TU00378,b0904
TU00379,b0903
TU00379,b0904
TU00387,b0999
TU00387,b1000
TU00390,b1041
TU00390,b1042
TU00390,b1043
TU00392,b1037
TU00392,b1038
TU00392,b1039
TU00392,b1040
TU00403,b0139
TU00403,b0140
TU00404,b0139
TU00404,b0140
TU00407,b3686
TU00407,b3687
TU00414,b3178
TU00414,b3179
TU00415,b1920
TU00415,b1921
TU00415,b1922
TU00417,b0014
TU00417,b0015
TU00418,b0014
TU00418,b0015
TU00419,b0437
TU00419,b0438
TU00423,b2524
TU00423,b2525
TU00423,b2526
TU00423,b2527
TU00424,b2727
TU00424,b2728
TU00424,b2729
TU00424,b2730
TU00434,b3065
TU00434,b3066
TU00434,b3067
TU00435,b3065
TU00435,b3066
TU00435,b3067
TU00439,b2497
TU00439,b2498
TU00440,b2741
TU00440,b2742
TU00443,b2926
TU00443,b2927
TU00444,b2311
TU00444,b2312
TU00444,b2313
TU00448,b2276
TU00448,b2277
TU00448,b2278
TU00448,b2279
TU00448,b2280
TU00448,b2281
TU00448,b2282
TU00448,b2283
TU00448,b2284
TU00448,b2285
TU00448,b2286
TU00448,b2287
TU00448,b2288
TU00451,b1874
TU00451,b1875
TU00454,b2796
TU00454,b2797
TU00457,b3454
TU00457,b3455
TU00457,b3456
TU00457,b3457
TU00457,b3458
TU00459,b2684
TU00459,b2685
TU00459,b2686
TU00460,b4292
TU00460,b4293
TU00467,b4131
TU00467,b4132
TU00468,b4122
TU00468,b4123
TU00469,b3428
TU00469,b3429
TU00469,b3430
TU00470,b3428
TU00470,b3429
TU00470,b3430
TU00471,b1920
TU00471,b1921
TU00471,b1922
TU00475,b2311
TU00475,b2312
TU00475,b2313
TU00479,b2415
TU00479,b2416
TU00479,b2417
TU00480,b2415
TU00480,b2416
TU00480,b2417
TU00481,b2415
TU00481,b2416
TU00481,b2417
TU00482,b2415
TU00482,b2416
TU00482,b2417
TU00483,b2415
TU00483,b2416
TU00483,b2417
TU00484,b4244
TU00484,b4245
TU00484,b4246
TU00485,b4244
TU00485,b4245
TU00485,b4246
TU00487,b3202
TU00487,b3203
TU00487,b3204
TU00487,b3205
TU00487,b3206
TU00488,b3729
TU00488,b3730
TU00492,b0743
TU00492,b0744
TU00492,b0745
TU00493,b1665
TU00493,b1666
TU00495,b2401
TU00495,b2402
TU00495,b2403
TU00495,b2404
TU00496,b2814
TU00496,b2815
TU00496,b2816
TU00503,b3796
TU00503,b3797
TU00503,b3798
TU00503,b3799
TU00504,b3976
TU00504,b3977
TU00504,b3978
TU00504,b3979
TU00504,b3980
TU00505,b4163
TU00505,b4164
TU00505,b4165
TU00507,b0664
TU00507,b0665
TU00507,b0666
TU00507,b0668
TU00507,b0670
TU00507,b0672
TU00507,b0673
TU00511,b1229
TU00511,b1230
TU00511,b1231
TU00512,b1909
TU00512,b1910
TU00512,b1911
TU00512,b4759
TU00514,b2396
TU00514,b2397
TU00515,b2691
TU00515,b2692
TU00515,b2693
TU00515,b2694
TU00515,b2695
TU00517,b3168
TU00517,b3169
TU00517,b3170
TU00517,b3171
TU00521,b4368
TU00521,b4369
TU00521,b4370
TU00522,b0113
TU00522,b0114
TU00522,b0115
TU00522,b0116
TU00524,b0721
TU00524,b0722
TU00524,b0723
TU00524,b0724
TU00524,b0726
TU00524,b0727
TU00524,b0728
TU00524,b0729
TU00524,b4764
TU00526,b2570
TU00526,b2571
TU00526,b2572
TU101,b4322
TU101,b4323
TU142,b0041
TU142,b0042
TU142,b0043
TU142,b0044
TU161,b3404
TU161,b3405
TU162,b3404
TU162,b3405
TU163,b3404
TU163,b3405
TU164,b3603
TU164,b3604
TU164,b3605
TU182,b4314
TU182,b4315
TU182,b4316
TU182,b4317
TU182,b4318
TU182,b4319
TU182,b4320
TU21,b0740
TU21,b0741
TU21,b0742
TU261,b0921
TU261,b0922
TU261,b0923
TU261,b0924
TU262,b3856
TU262,b3857
TU263,b3856
TU263,b3857
TU281,b2570
TU281,b2571
TU281,b2572
TU281,b2573
TU281,b4725
TU3,b1260
TU3,b1261
TU3,b1262
TU301,b2406
TU301,b2407
TU302,b0365
TU302,b0366
TU302,b0367
TU302,b0368
TU305,b1213
TU305,b1214
TU305,b1215
TU341,b3164
TU341,b3165
TU341,b3166
TU341,b3167
TU341,b3168
TU341,b3169
TU341,b3170
TU341,b3171
TU358,b0733
TU358,b0734
TU361,b0910
TU361,b0911
TU362,b0707
TU362,b0708
TU363,b2194
TU363,b2195
TU363,b2196
TU363,b2197
TU363,b2198
TU363,b2199
TU363,b2200
TU363,b2201
TU363,b2202
TU363,b2203
TU363,b2204
TU363,b2205
TU363,b2206
TU363,b2207
TU363,b2208
TU369,b1492
TU369,b1493
TU401,b3423
TU401,b3424
TU401,b3425
TU402,b3423
TU402,b3424
TU424,b2712
TU424,b2713
TU441,b1094
TU441,b1095
TU442,b1092
TU442,b1093
TU442,b1094
TU443,b1093
TU443,b1094
TU461,b1189
TU461,b1190
TU462,b1189
TU462,b1190
TU482,b3123
TU482,b3124
TU482,b3125
TU482,b3126
TU482,b3127
TU483,b2563
TU483,b2564
TU483,b2565
TU483,b2566
TU483,b2567
TU484,b2563
TU484,b2564
TU5,b1388
TU5,b1389
TU5,b1390
TU5,b1391
TU5,b1392
TU5,b1393
TU5,b1394
TU5,b1395
TU5,b1396
TU5,b1397
TU5,b1398
TU521,b2782
TU521,b2783
TU521,b2784
TU522,b2781
TU522,b2782
TU522,b2783
TU523,b2781
TU523,b2782
TU523,b2783
TU524,b3766
TU524,b3769
TU524,b3770
TU524,b3771
TU524,b3772
TU524,b4669
TU525,b3766
TU525,b3769
TU525,b3770
TU525,b3771
TU525,b3772
TU525,b4669
TU526,b3770
TU526,b3771
TU526,b3772
TU561,b0950
TU561,b0951
TU561,b0952
TU562,b0950
TU562,b0951
TU562,b0952
TU564,b0911
TU564,b0912
TU565,b0911
TU565,b0912
TU586,b3516
TU586,b3517
TU587,b0450
TU587,b0451
TU592,b3575
TU592,b3576
TU592,b3577
TU592,b3578
TU592,b3579
TU592,b3580
TU592,b3581
TU592,b3582
TU592,b3583
TU593,b3700
TU593,b3701
TU593,b3702
TU601,b1088
TU601,b1089
TU602,b1088
TU602,b1089
TU61,b3420
TU61,b3421
TU66,b1129
TU66,b1130
TU67,b3564
TU67,b3565
TU682,b3703
TU682,b3704
TU684,b1872
TU684,b1873
TU686,b2481
TU686,b2482
TU686,b2483
TU686,b2484
TU686,b2485
TU686,b2486
TU686,b2487
TU686,b2488
TU686,b2489
TU686,b2490
TU686,b2491
TU686,b2492
TU7,b1399
TU7,b1400
TU701,b2677
TU701,b2678
TU701,b2679
TU702,b2677
TU702,b2678
TU702,b2679
TU704,b2677
TU704,b2678
TU704,b2679
TU743,b3703
TU743,b3704
TU783,b4003
TU783,b4004
TU790,b1593
TU790,b1594
TU795,b1276
TU795,b4741
TU801,b4167
TU801,b4168
TU801,b4169
TU801,b4170
TU801,b4171
TU801,b4172
TU801,b4173
TU801,b4174
TU801,b4175
TU802,b4167
TU802,b4168
TU802,b4169
TU802,b4170
TU802,b4171
TU802,b4172
TU802,b4173
TU802,b4174
TU802,b4175
TU863,b1248
TU863,b1249
TU869,b0407
TU869,b0408
TU869,b0409
TU870,b0406
TU870,b0407
TU872,b3384
TU872,b3385
TU872,b3386
TU872,b3387
TU872,b3388
TU872,b3389
TU872,b3390
TU873,b3384
TU873,b3385
TU873,b3386
TU873,b3387
TU873,b3388
TU873,b3389
TU873,b3390
TU874,b3384
TU874,b3385
TU874,b3386
TU874,b3387
TU874,b3388
TU875,b3384
TU875,b3385
TU875,b3386
TU875,b3387
TU876,b3384
TU876,b3385
TU876,b3386
TU876,b3387
TU877,b3384
TU877,b3385
TU877,b3386
